bar_timestamp,candidate_status,data_checksum,data_lineage,data_path,generated_at,hypothetical_entry_price,hypothetical_risk_per_share,hypothetical_stop_price,hypothetical_target_price,market,notes,queue_action,review_status,risk_level,schema_version,signal_direction,simulated_context,source_refs,spec_ref,stage,strategy_id,strategy_title,symbol,timeframe
2026-05-18T15:55:00,watch_candidate,01cf5541d4f3a900470705c4fafb12d3b5bf1c4c263effa3281e00bad4d31c56,native_current_session_5m_cache,local_data/longbridge_intraday/us_SPY_5m_2026-05-18_2026-05-18_longbridge.csv,2026-05-18T23:58:09Z,737.7900,0.9400,738.7300,735.9100,US,Trend and pullback proxy found; requires bar-by-bar confirmation before any future status change.,eligible_for_read_only_observation,needs_read_only_bar_close_review,low,m12.scanner-candidate.v1,short,readonly_observation_candidate,raw:knowledge/raw/brooks/transcribed_v2/al_brooks_price_action_course_v2/units/video_009A_pullbacks_bar_counting_basics_high_low_1_2.md;raw:knowledge/raw/brooks/transcribed_v2/al_brooks_price_action_course_v2/units/video_009C_pullbacks_endless_higher_lower_timeframes_countertrend_exit.md;raw:knowledge/raw/brooks/transcribed_v2/al_brooks_price_action_course_v2/units/video_014E_trends_tight_channel_small_pullback.md;raw:knowledge/raw/youtube/fangfangtu/transcripts/Price_Action方方土.pdf;raw:knowledge/raw/youtube/fangfangtu/transcripts/Price_Action方方土.pdf;raw:knowledge/raw/notes/方方土视频笔记 - 回调&数K线.pdf;raw:knowledge/raw/notes/方方土视频笔记 - 市场周期.pdf,reports/strategy_lab/m10_price_action_strategy_refresh/backtest_specs/M10-PA-001.json,M12.12.daily_observation_loop,M10-PA-001,趋势回调二次入场,SPY,5m
2026-05-18T11:10:00,trigger_candidate,01cf5541d4f3a900470705c4fafb12d3b5bf1c4c263effa3281e00bad4d31c56,derived_from_5m_current,local_data/longbridge_intraday/us_SPY_5m_2026-05-18_2026-05-18_longbridge.csv,2026-05-18T23:58:09Z,737.2700,4.1300,741.4000,733.4300,US,"Opening range breakout proxy found in recorded local cache; observe only, no execution.",eligible_for_read_only_observation,needs_read_only_bar_close_review,medium,m12.scanner-candidate.v1,short,readonly_observation_candidate,raw:knowledge/raw/brooks/transcribed_v2/al_brooks_price_action_course_v2/units/video_048D_breakout_mode_opening_range.md;raw:knowledge/raw/brooks/transcribed_v2/al_brooks_price_action_course_v2/units/video_008C_candles_ttr_ii_ioi_breakout_mode.md;raw:knowledge/raw/brooks/transcribed_v2/al_brooks_price_action_course_v2/units/video_026A_triangles_ttr_wedges_flags_reversal_or_continuation.md,reports/strategy_lab/m10_price_action_strategy_refresh/backtest_specs/M10-PA-012.json,M12.12.daily_observation_loop,M10-PA-012,开盘区间突破,SPY,15m
2026-05-18T10:30:00,trigger_candidate,01cf5541d4f3a900470705c4fafb12d3b5bf1c4c263effa3281e00bad4d31c56,native_current_session_5m_cache,local_data/longbridge_intraday/us_SPY_5m_2026-05-18_2026-05-18_longbridge.csv,2026-05-18T23:58:09Z,737.4300,3.9700,741.4000,733.5900,US,"Opening range breakout proxy found in recorded local cache; observe only, no execution.",eligible_for_read_only_observation,needs_read_only_bar_close_review,medium,m12.scanner-candidate.v1,short,readonly_observation_candidate,raw:knowledge/raw/brooks/transcribed_v2/al_brooks_price_action_course_v2/units/video_048D_breakout_mode_opening_range.md;raw:knowledge/raw/brooks/transcribed_v2/al_brooks_price_action_course_v2/units/video_008C_candles_ttr_ii_ioi_breakout_mode.md;raw:knowledge/raw/brooks/transcribed_v2/al_brooks_price_action_course_v2/units/video_026A_triangles_ttr_wedges_flags_reversal_or_continuation.md,reports/strategy_lab/m10_price_action_strategy_refresh/backtest_specs/M10-PA-012.json,M12.12.daily_observation_loop,M10-PA-012,开盘区间突破,SPY,5m
2026-05-18T10:40:00,trigger_candidate,bbc764d200b14d7163c8899b1f92a877bdcd6e92e988d58b726a4acc5c5d0b2e,derived_from_5m_current,local_data/longbridge_intraday/us_QQQ_5m_2026-05-18_2026-05-18_longbridge.csv,2026-05-18T23:58:09Z,705.5150,6.5550,712.0700,700.1150,US,"Opening range breakout proxy found in recorded local cache; observe only, no execution.",eligible_for_read_only_observation,needs_read_only_bar_close_review,medium,m12.scanner-candidate.v1,short,readonly_observation_candidate,raw:knowledge/raw/brooks/transcribed_v2/al_brooks_price_action_course_v2/units/video_048D_breakout_mode_opening_range.md;raw:knowledge/raw/brooks/transcribed_v2/al_brooks_price_action_course_v2/units/video_008C_candles_ttr_ii_ioi_breakout_mode.md;raw:knowledge/raw/brooks/transcribed_v2/al_brooks_price_action_course_v2/units/video_026A_triangles_ttr_wedges_flags_reversal_or_continuation.md,reports/strategy_lab/m10_price_action_strategy_refresh/backtest_specs/M10-PA-012.json,M12.12.daily_observation_loop,M10-PA-012,开盘区间突破,QQQ,15m
2026-05-18T10:30:00,trigger_candidate,bbc764d200b14d7163c8899b1f92a877bdcd6e92e988d58b726a4acc5c5d0b2e,native_current_session_5m_cache,local_data/longbridge_intraday/us_QQQ_5m_2026-05-18_2026-05-18_longbridge.csv,2026-05-18T23:58:09Z,703.9240,8.1460,712.0700,698.5240,US,"Opening range breakout proxy found in recorded local cache; observe only, no execution.",eligible_for_read_only_observation,needs_read_only_bar_close_review,medium,m12.scanner-candidate.v1,short,readonly_observation_candidate,raw:knowledge/raw/brooks/transcribed_v2/al_brooks_price_action_course_v2/units/video_048D_breakout_mode_opening_range.md;raw:knowledge/raw/brooks/transcribed_v2/al_brooks_price_action_course_v2/units/video_008C_candles_ttr_ii_ioi_breakout_mode.md;raw:knowledge/raw/brooks/transcribed_v2/al_brooks_price_action_course_v2/units/video_026A_triangles_ttr_wedges_flags_reversal_or_continuation.md,reports/strategy_lab/m10_price_action_strategy_refresh/backtest_specs/M10-PA-012.json,M12.12.daily_observation_loop,M10-PA-012,开盘区间突破,QQQ,5m
2026-05-18T15:55:00,watch_candidate,a739033807954b2cc8c4ec00a2a71f23b09b76a389e2fe1f7586ddea42a7be95,native_current_session_5m_cache,local_data/longbridge_intraday/us_IWM_5m_2026-05-18_2026-05-18_longbridge.csv,2026-05-18T23:58:09Z,275.7750,0.5450,276.3200,274.6850,US,Trend and pullback proxy found; requires bar-by-bar confirmation before any future status change.,eligible_for_read_only_observation,needs_read_only_bar_close_review,low,m12.scanner-candidate.v1,short,readonly_observation_candidate,raw:knowledge/raw/brooks/transcribed_v2/al_brooks_price_action_course_v2/units/video_009A_pullbacks_bar_counting_basics_high_low_1_2.md;raw:knowledge/raw/brooks/transcribed_v2/al_brooks_price_action_course_v2/units/video_009C_pullbacks_endless_higher_lower_timeframes_countertrend_exit.md;raw:knowledge/raw/brooks/transcribed_v2/al_brooks_price_action_course_v2/units/video_014E_trends_tight_channel_small_pullback.md;raw:knowledge/raw/youtube/fangfangtu/transcripts/Price_Action方方土.pdf;raw:knowledge/raw/youtube/fangfangtu/transcripts/Price_Action方方土.pdf;raw:knowledge/raw/notes/方方土视频笔记 - 回调&数K线.pdf;raw:knowledge/raw/notes/方方土视频笔记 - 市场周期.pdf,reports/strategy_lab/m10_price_action_strategy_refresh/backtest_specs/M10-PA-001.json,M12.12.daily_observation_loop,M10-PA-001,趋势回调二次入场,IWM,5m
2026-05-18T11:10:00,trigger_candidate,a739033807954b2cc8c4ec00a2a71f23b09b76a389e2fe1f7586ddea42a7be95,derived_from_5m_current,local_data/longbridge_intraday/us_IWM_5m_2026-05-18_2026-05-18_longbridge.csv,2026-05-18T23:58:09Z,276.2100,2.8700,279.0800,273.3900,US,"Opening range breakout proxy found in recorded local cache; observe only, no execution.",eligible_for_read_only_observation,needs_read_only_bar_close_review,medium,m12.scanner-candidate.v1,short,readonly_observation_candidate,raw:knowledge/raw/brooks/transcribed_v2/al_brooks_price_action_course_v2/units/video_048D_breakout_mode_opening_range.md;raw:knowledge/raw/brooks/transcribed_v2/al_brooks_price_action_course_v2/units/video_008C_candles_ttr_ii_ioi_breakout_mode.md;raw:knowledge/raw/brooks/transcribed_v2/al_brooks_price_action_course_v2/units/video_026A_triangles_ttr_wedges_flags_reversal_or_continuation.md,reports/strategy_lab/m10_price_action_strategy_refresh/backtest_specs/M10-PA-012.json,M12.12.daily_observation_loop,M10-PA-012,开盘区间突破,IWM,15m
2026-05-18T10:30:00,trigger_candidate,a739033807954b2cc8c4ec00a2a71f23b09b76a389e2fe1f7586ddea42a7be95,native_current_session_5m_cache,local_data/longbridge_intraday/us_IWM_5m_2026-05-18_2026-05-18_longbridge.csv,2026-05-18T23:58:09Z,276.1600,2.9200,279.0800,273.3400,US,"Opening range breakout proxy found in recorded local cache; observe only, no execution.",eligible_for_read_only_observation,needs_read_only_bar_close_review,medium,m12.scanner-candidate.v1,short,readonly_observation_candidate,raw:knowledge/raw/brooks/transcribed_v2/al_brooks_price_action_course_v2/units/video_048D_breakout_mode_opening_range.md;raw:knowledge/raw/brooks/transcribed_v2/al_brooks_price_action_course_v2/units/video_008C_candles_ttr_ii_ioi_breakout_mode.md;raw:knowledge/raw/brooks/transcribed_v2/al_brooks_price_action_course_v2/units/video_026A_triangles_ttr_wedges_flags_reversal_or_continuation.md,reports/strategy_lab/m10_price_action_strategy_refresh/backtest_specs/M10-PA-012.json,M12.12.daily_observation_loop,M10-PA-012,开盘区间突破,IWM,5m
2026-05-18T15:55:00,watch_candidate,43ca79b434d2dc080e95e3b0b27d9d735e8339fa0848b60e69863affa13101b6,native_current_session_5m_cache,local_data/longbridge_intraday/us_DIA_5m_2026-05-18_2026-05-18_longbridge.csv,2026-05-18T23:58:09Z,496.4900,0.5600,497.0500,495.3700,US,Trend and pullback proxy found; requires bar-by-bar confirmation before any future status change.,eligible_for_read_only_observation,needs_read_only_bar_close_review,low,m12.scanner-candidate.v1,short,readonly_observation_candidate,raw:knowledge/raw/brooks/transcribed_v2/al_brooks_price_action_course_v2/units/video_009A_pullbacks_bar_counting_basics_high_low_1_2.md;raw:knowledge/raw/brooks/transcribed_v2/al_brooks_price_action_course_v2/units/video_009C_pullbacks_endless_higher_lower_timeframes_countertrend_exit.md;raw:knowledge/raw/brooks/transcribed_v2/al_brooks_price_action_course_v2/units/video_014E_trends_tight_channel_small_pullback.md;raw:knowledge/raw/youtube/fangfangtu/transcripts/Price_Action方方土.pdf;raw:knowledge/raw/youtube/fangfangtu/transcripts/Price_Action方方土.pdf;raw:knowledge/raw/notes/方方土视频笔记 - 回调&数K线.pdf;raw:knowledge/raw/notes/方方土视频笔记 - 市场周期.pdf,reports/strategy_lab/m10_price_action_strategy_refresh/backtest_specs/M10-PA-001.json,M12.12.daily_observation_loop,M10-PA-001,趋势回调二次入场,DIA,5m
2026-05-18T11:25:00,trigger_candidate,43ca79b434d2dc080e95e3b0b27d9d735e8339fa0848b60e69863affa13101b6,derived_from_5m_current,local_data/longbridge_intraday/us_DIA_5m_2026-05-18_2026-05-18_longbridge.csv,2026-05-18T23:58:09Z,494.4600,3.1800,497.6400,491.3800,US,"Opening range breakout proxy found in recorded local cache; observe only, no execution.",eligible_for_read_only_observation,needs_read_only_bar_close_review,medium,m12.scanner-candidate.v1,short,readonly_observation_candidate,raw:knowledge/raw/brooks/transcribed_v2/al_brooks_price_action_course_v2/units/video_048D_breakout_mode_opening_range.md;raw:knowledge/raw/brooks/transcribed_v2/al_brooks_price_action_course_v2/units/video_008C_candles_ttr_ii_ioi_breakout_mode.md;raw:knowledge/raw/brooks/transcribed_v2/al_brooks_price_action_course_v2/units/video_026A_triangles_ttr_wedges_flags_reversal_or_continuation.md,reports/strategy_lab/m10_price_action_strategy_refresh/backtest_specs/M10-PA-012.json,M12.12.daily_observation_loop,M10-PA-012,开盘区间突破,DIA,15m
2026-05-18T11:25:00,trigger_candidate,43ca79b434d2dc080e95e3b0b27d9d735e8339fa0848b60e69863affa13101b6,native_current_session_5m_cache,local_data/longbridge_intraday/us_DIA_5m_2026-05-18_2026-05-18_longbridge.csv,2026-05-18T23:58:09Z,494.4600,3.1800,497.6400,491.3800,US,"Opening range breakout proxy found in recorded local cache; observe only, no execution.",eligible_for_read_only_observation,needs_read_only_bar_close_review,medium,m12.scanner-candidate.v1,short,readonly_observation_candidate,raw:knowledge/raw/brooks/transcribed_v2/al_brooks_price_action_course_v2/units/video_048D_breakout_mode_opening_range.md;raw:knowledge/raw/brooks/transcribed_v2/al_brooks_price_action_course_v2/units/video_008C_candles_ttr_ii_ioi_breakout_mode.md;raw:knowledge/raw/brooks/transcribed_v2/al_brooks_price_action_course_v2/units/video_026A_triangles_ttr_wedges_flags_reversal_or_continuation.md,reports/strategy_lab/m10_price_action_strategy_refresh/backtest_specs/M10-PA-012.json,M12.12.daily_observation_loop,M10-PA-012,开盘区间突破,DIA,5m
2026-05-18T15:55:00,watch_candidate,aaf5a02eff871da99569fe3eb80b7f6d20d9969e4e2006b947922b8ad7aadb24,native_current_session_5m_cache,local_data/longbridge_intraday/us_VTI_5m_2026-05-18_2026-05-18_longbridge.csv,2026-05-18T23:58:09Z,362.0750,0.4850,362.5600,361.1050,US,Trend and pullback proxy found; requires bar-by-bar confirmation before any future status change.,eligible_for_read_only_observation,needs_read_only_bar_close_review,low,m12.scanner-candidate.v1,short,readonly_observation_candidate,raw:knowledge/raw/brooks/transcribed_v2/al_brooks_price_action_course_v2/units/video_009A_pullbacks_bar_counting_basics_high_low_1_2.md;raw:knowledge/raw/brooks/transcribed_v2/al_brooks_price_action_course_v2/units/video_009C_pullbacks_endless_higher_lower_timeframes_countertrend_exit.md;raw:knowledge/raw/brooks/transcribed_v2/al_brooks_price_action_course_v2/units/video_014E_trends_tight_channel_small_pullback.md;raw:knowledge/raw/youtube/fangfangtu/transcripts/Price_Action方方土.pdf;raw:knowledge/raw/youtube/fangfangtu/transcripts/Price_Action方方土.pdf;raw:knowledge/raw/notes/方方土视频笔记 - 回调&数K线.pdf;raw:knowledge/raw/notes/方方土视频笔记 - 市场周期.pdf,reports/strategy_lab/m10_price_action_strategy_refresh/backtest_specs/M10-PA-001.json,M12.12.daily_observation_loop,M10-PA-001,趋势回调二次入场,VTI,5m
2026-05-18T11:10:00,trigger_candidate,aaf5a02eff871da99569fe3eb80b7f6d20d9969e4e2006b947922b8ad7aadb24,derived_from_5m_current,local_data/longbridge_intraday/us_VTI_5m_2026-05-18_2026-05-18_longbridge.csv,2026-05-18T23:58:09Z,361.8650,2.2040,364.0690,359.8160,US,"Opening range breakout proxy found in recorded local cache; observe only, no execution.",eligible_for_read_only_observation,needs_read_only_bar_close_review,medium,m12.scanner-candidate.v1,short,readonly_observation_candidate,raw:knowledge/raw/brooks/transcribed_v2/al_brooks_price_action_course_v2/units/video_048D_breakout_mode_opening_range.md;raw:knowledge/raw/brooks/transcribed_v2/al_brooks_price_action_course_v2/units/video_008C_candles_ttr_ii_ioi_breakout_mode.md;raw:knowledge/raw/brooks/transcribed_v2/al_brooks_price_action_course_v2/units/video_026A_triangles_ttr_wedges_flags_reversal_or_continuation.md,reports/strategy_lab/m10_price_action_strategy_refresh/backtest_specs/M10-PA-012.json,M12.12.daily_observation_loop,M10-PA-012,开盘区间突破,VTI,15m
2026-05-18T10:30:00,trigger_candidate,aaf5a02eff871da99569fe3eb80b7f6d20d9969e4e2006b947922b8ad7aadb24,native_current_session_5m_cache,local_data/longbridge_intraday/us_VTI_5m_2026-05-18_2026-05-18_longbridge.csv,2026-05-18T23:58:09Z,362.0000,2.0690,364.0690,359.9510,US,"Opening range breakout proxy found in recorded local cache; observe only, no execution.",eligible_for_read_only_observation,needs_read_only_bar_close_review,medium,m12.scanner-candidate.v1,short,readonly_observation_candidate,raw:knowledge/raw/brooks/transcribed_v2/al_brooks_price_action_course_v2/units/video_048D_breakout_mode_opening_range.md;raw:knowledge/raw/brooks/transcribed_v2/al_brooks_price_action_course_v2/units/video_008C_candles_ttr_ii_ioi_breakout_mode.md;raw:knowledge/raw/brooks/transcribed_v2/al_brooks_price_action_course_v2/units/video_026A_triangles_ttr_wedges_flags_reversal_or_continuation.md,reports/strategy_lab/m10_price_action_strategy_refresh/backtest_specs/M10-PA-012.json,M12.12.daily_observation_loop,M10-PA-012,开盘区间突破,VTI,5m
2026-05-18T15:55:00,watch_candidate,e160749b3f3a952c2c24b87eb2f03350548935934732a041aad51a1510c3efb3,native_current_session_5m_cache,local_data/longbridge_intraday/us_VOO_5m_2026-05-18_2026-05-18_longbridge.csv,2026-05-18T23:58:09Z,678.2700,0.9000,679.1700,676.4700,US,Trend and pullback proxy found; requires bar-by-bar confirmation before any future status change.,eligible_for_read_only_observation,needs_read_only_bar_close_review,low,m12.scanner-candidate.v1,short,readonly_observation_candidate,raw:knowledge/raw/brooks/transcribed_v2/al_brooks_price_action_course_v2/units/video_009A_pullbacks_bar_counting_basics_high_low_1_2.md;raw:knowledge/raw/brooks/transcribed_v2/al_brooks_price_action_course_v2/units/video_009C_pullbacks_endless_higher_lower_timeframes_countertrend_exit.md;raw:knowledge/raw/brooks/transcribed_v2/al_brooks_price_action_course_v2/units/video_014E_trends_tight_channel_small_pullback.md;raw:knowledge/raw/youtube/fangfangtu/transcripts/Price_Action方方土.pdf;raw:knowledge/raw/youtube/fangfangtu/transcripts/Price_Action方方土.pdf;raw:knowledge/raw/notes/方方土视频笔记 - 回调&数K线.pdf;raw:knowledge/raw/notes/方方土视频笔记 - 市场周期.pdf,reports/strategy_lab/m10_price_action_strategy_refresh/backtest_specs/M10-PA-001.json,M12.12.daily_observation_loop,M10-PA-001,趋势回调二次入场,VOO,5m
2026-05-18T11:10:00,trigger_candidate,e160749b3f3a952c2c24b87eb2f03350548935934732a041aad51a1510c3efb3,derived_from_5m_current,local_data/longbridge_intraday/us_VOO_5m_2026-05-18_2026-05-18_longbridge.csv,2026-05-18T23:58:09Z,677.7800,3.8300,681.6100,674.2550,US,"Opening range breakout proxy found in recorded local cache; observe only, no execution.",eligible_for_read_only_observation,needs_read_only_bar_close_review,medium,m12.scanner-candidate.v1,short,readonly_observation_candidate,raw:knowledge/raw/brooks/transcribed_v2/al_brooks_price_action_course_v2/units/video_048D_breakout_mode_opening_range.md;raw:knowledge/raw/brooks/transcribed_v2/al_brooks_price_action_course_v2/units/video_008C_candles_ttr_ii_ioi_breakout_mode.md;raw:knowledge/raw/brooks/transcribed_v2/al_brooks_price_action_course_v2/units/video_026A_triangles_ttr_wedges_flags_reversal_or_continuation.md,reports/strategy_lab/m10_price_action_strategy_refresh/backtest_specs/M10-PA-012.json,M12.12.daily_observation_loop,M10-PA-012,开盘区间突破,VOO,15m
2026-05-18T10:30:00,trigger_candidate,e160749b3f3a952c2c24b87eb2f03350548935934732a041aad51a1510c3efb3,native_current_session_5m_cache,local_data/longbridge_intraday/us_VOO_5m_2026-05-18_2026-05-18_longbridge.csv,2026-05-18T23:58:09Z,678.0000,3.6100,681.6100,674.4750,US,"Opening range breakout proxy found in recorded local cache; observe only, no execution.",eligible_for_read_only_observation,needs_read_only_bar_close_review,medium,m12.scanner-candidate.v1,short,readonly_observation_candidate,raw:knowledge/raw/brooks/transcribed_v2/al_brooks_price_action_course_v2/units/video_048D_breakout_mode_opening_range.md;raw:knowledge/raw/brooks/transcribed_v2/al_brooks_price_action_course_v2/units/video_008C_candles_ttr_ii_ioi_breakout_mode.md;raw:knowledge/raw/brooks/transcribed_v2/al_brooks_price_action_course_v2/units/video_026A_triangles_ttr_wedges_flags_reversal_or_continuation.md,reports/strategy_lab/m10_price_action_strategy_refresh/backtest_specs/M10-PA-012.json,M12.12.daily_observation_loop,M10-PA-012,开盘区间突破,VOO,5m
2026-05-18T15:55:00,watch_candidate,3f5f6494a28f1b98d0c3ffb85af9eb529d5831921c9162b02be421ab7335066a,native_current_session_5m_cache,local_data/longbridge_intraday/us_IVV_5m_2026-05-18_2026-05-18_longbridge.csv,2026-05-18T23:58:09Z,741.2500,0.9300,742.1800,739.3900,US,Trend and pullback proxy found; requires bar-by-bar confirmation before any future status change.,eligible_for_read_only_observation,needs_read_only_bar_close_review,low,m12.scanner-candidate.v1,short,readonly_observation_candidate,raw:knowledge/raw/brooks/transcribed_v2/al_brooks_price_action_course_v2/units/video_009A_pullbacks_bar_counting_basics_high_low_1_2.md;raw:knowledge/raw/brooks/transcribed_v2/al_brooks_price_action_course_v2/units/video_009C_pullbacks_endless_higher_lower_timeframes_countertrend_exit.md;raw:knowledge/raw/brooks/transcribed_v2/al_brooks_price_action_course_v2/units/video_014E_trends_tight_channel_small_pullback.md;raw:knowledge/raw/youtube/fangfangtu/transcripts/Price_Action方方土.pdf;raw:knowledge/raw/youtube/fangfangtu/transcripts/Price_Action方方土.pdf;raw:knowledge/raw/notes/方方土视频笔记 - 回调&数K线.pdf;raw:knowledge/raw/notes/方方土视频笔记 - 市场周期.pdf,reports/strategy_lab/m10_price_action_strategy_refresh/backtest_specs/M10-PA-001.json,M12.12.daily_observation_loop,M10-PA-001,趋势回调二次入场,IVV,5m
2026-05-18T11:10:00,trigger_candidate,3f5f6494a28f1b98d0c3ffb85af9eb529d5831921c9162b02be421ab7335066a,derived_from_5m_current,local_data/longbridge_intraday/us_IVV_5m_2026-05-18_2026-05-18_longbridge.csv,2026-05-18T23:58:09Z,740.6700,4.2100,744.8800,736.7900,US,"Opening range breakout proxy found in recorded local cache; observe only, no execution.",eligible_for_read_only_observation,needs_read_only_bar_close_review,medium,m12.scanner-candidate.v1,short,readonly_observation_candidate,raw:knowledge/raw/brooks/transcribed_v2/al_brooks_price_action_course_v2/units/video_048D_breakout_mode_opening_range.md;raw:knowledge/raw/brooks/transcribed_v2/al_brooks_price_action_course_v2/units/video_008C_candles_ttr_ii_ioi_breakout_mode.md;raw:knowledge/raw/brooks/transcribed_v2/al_brooks_price_action_course_v2/units/video_026A_triangles_ttr_wedges_flags_reversal_or_continuation.md,reports/strategy_lab/m10_price_action_strategy_refresh/backtest_specs/M10-PA-012.json,M12.12.daily_observation_loop,M10-PA-012,开盘区间突破,IVV,15m
2026-05-18T10:30:00,trigger_candidate,3f5f6494a28f1b98d0c3ffb85af9eb529d5831921c9162b02be421ab7335066a,native_current_session_5m_cache,local_data/longbridge_intraday/us_IVV_5m_2026-05-18_2026-05-18_longbridge.csv,2026-05-18T23:58:09Z,740.6800,4.2000,744.8800,736.8000,US,"Opening range breakout proxy found in recorded local cache; observe only, no execution.",eligible_for_read_only_observation,needs_read_only_bar_close_review,medium,m12.scanner-candidate.v1,short,readonly_observation_candidate,raw:knowledge/raw/brooks/transcribed_v2/al_brooks_price_action_course_v2/units/video_048D_breakout_mode_opening_range.md;raw:knowledge/raw/brooks/transcribed_v2/al_brooks_price_action_course_v2/units/video_008C_candles_ttr_ii_ioi_breakout_mode.md;raw:knowledge/raw/brooks/transcribed_v2/al_brooks_price_action_course_v2/units/video_026A_triangles_ttr_wedges_flags_reversal_or_continuation.md,reports/strategy_lab/m10_price_action_strategy_refresh/backtest_specs/M10-PA-012.json,M12.12.daily_observation_loop,M10-PA-012,开盘区间突破,IVV,5m
2026-05-18T15:55:00,trigger_candidate,edb5f409119d4ad6cd6e5a7d6c7de2ac331c05bb1d61bab21c64a0857f1f1245,derived_from_5m_current,local_data/longbridge_intraday/us_XLK_5m_2026-05-18_2026-05-18_longbridge.csv,2026-05-18T23:58:09Z,174.3600,0.4600,173.9000,175.2800,US,20-bar breakout proxy matched; follow-through still needs bar-close observation.,eligible_for_read_only_observation,needs_read_only_bar_close_review,low,m12.scanner-candidate.v1,long,readonly_observation_candidate,raw:knowledge/raw/brooks/transcribed_v2/al_brooks_price_action_course_v2/units/video_015D_breakouts_second_leg_traps_strong_breakouts.md;raw:knowledge/raw/brooks/transcribed_v2/al_brooks_price_action_course_v2/units/video_015A_breakouts_definition_80_rule_reversal_tr.md;raw:knowledge/raw/brooks/transcribed_v2/al_brooks_price_action_course_v2/units/video_015B_breakouts_follow_through_reversal_small_start.md;raw:knowledge/raw/youtube/fangfangtu/transcripts/Price_Action方方土.pdf;raw:knowledge/raw/youtube/fangfangtu/transcripts/Price_Action方方土.pdf;raw:knowledge/raw/notes/方方土视频笔记-突破.pdf;raw:knowledge/raw/notes/方方土视频笔记-突破.pdf,reports/strategy_lab/m10_price_action_strategy_refresh/backtest_specs/M10-PA-002.json,M12.12.daily_observation_loop,M10-PA-002,突破后续跟进,XLK,15m
2026-05-18T10:25:00,trigger_candidate,edb5f409119d4ad6cd6e5a7d6c7de2ac331c05bb1d61bab21c64a0857f1f1245,derived_from_5m_current,local_data/longbridge_intraday/us_XLK_5m_2026-05-18_2026-05-18_longbridge.csv,2026-05-18T23:58:09Z,174.2900,3.5600,177.8500,171.1400,US,"Opening range breakout proxy found in recorded local cache; observe only, no execution.",eligible_for_read_only_observation,needs_read_only_bar_close_review,high,m12.scanner-candidate.v1,short,readonly_observation_candidate,raw:knowledge/raw/brooks/transcribed_v2/al_brooks_price_action_course_v2/units/video_048D_breakout_mode_opening_range.md;raw:knowledge/raw/brooks/transcribed_v2/al_brooks_price_action_course_v2/units/video_008C_candles_ttr_ii_ioi_breakout_mode.md;raw:knowledge/raw/brooks/transcribed_v2/al_brooks_price_action_course_v2/units/video_026A_triangles_ttr_wedges_flags_reversal_or_continuation.md,reports/strategy_lab/m10_price_action_strategy_refresh/backtest_specs/M10-PA-012.json,M12.12.daily_observation_loop,M10-PA-012,开盘区间突破,XLK,15m
2026-05-18T10:00:00,trigger_candidate,edb5f409119d4ad6cd6e5a7d6c7de2ac331c05bb1d61bab21c64a0857f1f1245,native_current_session_5m_cache,local_data/longbridge_intraday/us_XLK_5m_2026-05-18_2026-05-18_longbridge.csv,2026-05-18T23:58:09Z,174.6800,3.1700,177.8500,171.5300,US,"Opening range breakout proxy found in recorded local cache; observe only, no execution.",eligible_for_read_only_observation,needs_read_only_bar_close_review,high,m12.scanner-candidate.v1,short,readonly_observation_candidate,raw:knowledge/raw/brooks/transcribed_v2/al_brooks_price_action_course_v2/units/video_048D_breakout_mode_opening_range.md;raw:knowledge/raw/brooks/transcribed_v2/al_brooks_price_action_course_v2/units/video_008C_candles_ttr_ii_ioi_breakout_mode.md;raw:knowledge/raw/brooks/transcribed_v2/al_brooks_price_action_course_v2/units/video_026A_triangles_ttr_wedges_flags_reversal_or_continuation.md,reports/strategy_lab/m10_price_action_strategy_refresh/backtest_specs/M10-PA-012.json,M12.12.daily_observation_loop,M10-PA-012,开盘区间突破,XLK,5m
2026-05-18T10:25:00,trigger_candidate,916296f2b24c43b76ffaa358a74fa9678762b243e90a2d1c1956006e83e4404c,derived_from_5m_current,local_data/longbridge_intraday/us_XLF_5m_2026-05-18_2026-05-18_longbridge.csv,2026-05-18T23:58:09Z,51.7600,0.7900,50.9700,52.5400,US,"Opening range breakout proxy found in recorded local cache; observe only, no execution.",eligible_for_read_only_observation,needs_read_only_bar_close_review,high,m12.scanner-candidate.v1,long,readonly_observation_candidate,raw:knowledge/raw/brooks/transcribed_v2/al_brooks_price_action_course_v2/units/video_048D_breakout_mode_opening_range.md;raw:knowledge/raw/brooks/transcribed_v2/al_brooks_price_action_course_v2/units/video_008C_candles_ttr_ii_ioi_breakout_mode.md;raw:knowledge/raw/brooks/transcribed_v2/al_brooks_price_action_course_v2/units/video_026A_triangles_ttr_wedges_flags_reversal_or_continuation.md,reports/strategy_lab/m10_price_action_strategy_refresh/backtest_specs/M10-PA-012.json,M12.12.daily_observation_loop,M10-PA-012,开盘区间突破,XLF,15m
2026-05-18T10:25:00,trigger_candidate,916296f2b24c43b76ffaa358a74fa9678762b243e90a2d1c1956006e83e4404c,native_current_session_5m_cache,local_data/longbridge_intraday/us_XLF_5m_2026-05-18_2026-05-18_longbridge.csv,2026-05-18T23:58:09Z,51.7600,0.7900,50.9700,52.5400,US,"Opening range breakout proxy found in recorded local cache; observe only, no execution.",eligible_for_read_only_observation,needs_read_only_bar_close_review,high,m12.scanner-candidate.v1,long,readonly_observation_candidate,raw:knowledge/raw/brooks/transcribed_v2/al_brooks_price_action_course_v2/units/video_048D_breakout_mode_opening_range.md;raw:knowledge/raw/brooks/transcribed_v2/al_brooks_price_action_course_v2/units/video_008C_candles_ttr_ii_ioi_breakout_mode.md;raw:knowledge/raw/brooks/transcribed_v2/al_brooks_price_action_course_v2/units/video_026A_triangles_ttr_wedges_flags_reversal_or_continuation.md,reports/strategy_lab/m10_price_action_strategy_refresh/backtest_specs/M10-PA-012.json,M12.12.daily_observation_loop,M10-PA-012,开盘区间突破,XLF,5m
2026-05-18T15:55:00,watch_candidate,d5f029271c589b5c93e360c83936e8eb6e6c84cdb51c8bdc109ca4c79f0c318e,native_current_session_5m_cache,local_data/longbridge_intraday/us_XLE_5m_2026-05-18_2026-05-18_longbridge.csv,2026-05-18T23:58:09Z,60.5400,0.2100,60.3300,60.9600,US,Trend and pullback proxy found; requires bar-by-bar confirmation before any future status change.,eligible_for_read_only_observation,needs_read_only_bar_close_review,low,m12.scanner-candidate.v1,long,readonly_observation_candidate,raw:knowledge/raw/brooks/transcribed_v2/al_brooks_price_action_course_v2/units/video_009A_pullbacks_bar_counting_basics_high_low_1_2.md;raw:knowledge/raw/brooks/transcribed_v2/al_brooks_price_action_course_v2/units/video_009C_pullbacks_endless_higher_lower_timeframes_countertrend_exit.md;raw:knowledge/raw/brooks/transcribed_v2/al_brooks_price_action_course_v2/units/video_014E_trends_tight_channel_small_pullback.md;raw:knowledge/raw/youtube/fangfangtu/transcripts/Price_Action方方土.pdf;raw:knowledge/raw/youtube/fangfangtu/transcripts/Price_Action方方土.pdf;raw:knowledge/raw/notes/方方土视频笔记 - 回调&数K线.pdf;raw:knowledge/raw/notes/方方土视频笔记 - 市场周期.pdf,reports/strategy_lab/m10_price_action_strategy_refresh/backtest_specs/M10-PA-001.json,M12.12.daily_observation_loop,M10-PA-001,趋势回调二次入场,XLE,5m
2026-05-18T10:25:00,trigger_candidate,d5f029271c589b5c93e360c83936e8eb6e6c84cdb51c8bdc109ca4c79f0c318e,derived_from_5m_current,local_data/longbridge_intraday/us_XLE_5m_2026-05-18_2026-05-18_longbridge.csv,2026-05-18T23:58:09Z,59.7250,1.0050,58.7200,60.4150,US,"Opening range breakout proxy found in recorded local cache; observe only, no execution.",eligible_for_read_only_observation,needs_read_only_bar_close_review,high,m12.scanner-candidate.v1,long,readonly_observation_candidate,raw:knowledge/raw/brooks/transcribed_v2/al_brooks_price_action_course_v2/units/video_048D_breakout_mode_opening_range.md;raw:knowledge/raw/brooks/transcribed_v2/al_brooks_price_action_course_v2/units/video_008C_candles_ttr_ii_ioi_breakout_mode.md;raw:knowledge/raw/brooks/transcribed_v2/al_brooks_price_action_course_v2/units/video_026A_triangles_ttr_wedges_flags_reversal_or_continuation.md,reports/strategy_lab/m10_price_action_strategy_refresh/backtest_specs/M10-PA-012.json,M12.12.daily_observation_loop,M10-PA-012,开盘区间突破,XLE,15m
2026-05-18T10:00:00,trigger_candidate,d5f029271c589b5c93e360c83936e8eb6e6c84cdb51c8bdc109ca4c79f0c318e,native_current_session_5m_cache,local_data/longbridge_intraday/us_XLE_5m_2026-05-18_2026-05-18_longbridge.csv,2026-05-18T23:58:09Z,59.4350,0.7150,58.7200,60.1250,US,"Opening range breakout proxy found in recorded local cache; observe only, no execution.",eligible_for_read_only_observation,needs_read_only_bar_close_review,medium,m12.scanner-candidate.v1,long,readonly_observation_candidate,raw:knowledge/raw/brooks/transcribed_v2/al_brooks_price_action_course_v2/units/video_048D_breakout_mode_opening_range.md;raw:knowledge/raw/brooks/transcribed_v2/al_brooks_price_action_course_v2/units/video_008C_candles_ttr_ii_ioi_breakout_mode.md;raw:knowledge/raw/brooks/transcribed_v2/al_brooks_price_action_course_v2/units/video_026A_triangles_ttr_wedges_flags_reversal_or_continuation.md,reports/strategy_lab/m10_price_action_strategy_refresh/backtest_specs/M10-PA-012.json,M12.12.daily_observation_loop,M10-PA-012,开盘区间突破,XLE,5m
2026-05-18T16:00:00-04:00,watch_candidate,2173dd49824e448aef57e6acaff0f2d82f61bb94be2adb44ce27e0aa4b70aa6c,native_daily_cache,local_data/longbridge_history/us_XLV_1d_2010-06-29_2026-05-18_longbridge.csv,2026-05-18T23:58:09Z,144.5000,2.9000,147.4000,138.7000,US,Trend and pullback proxy found; requires bar-by-bar confirmation before any future status change.,eligible_for_read_only_observation,needs_read_only_bar_close_review,high,m12.scanner-candidate.v1,short,readonly_observation_candidate,raw:knowledge/raw/brooks/transcribed_v2/al_brooks_price_action_course_v2/units/video_009A_pullbacks_bar_counting_basics_high_low_1_2.md;raw:knowledge/raw/brooks/transcribed_v2/al_brooks_price_action_course_v2/units/video_009C_pullbacks_endless_higher_lower_timeframes_countertrend_exit.md;raw:knowledge/raw/brooks/transcribed_v2/al_brooks_price_action_course_v2/units/video_014E_trends_tight_channel_small_pullback.md;raw:knowledge/raw/youtube/fangfangtu/transcripts/Price_Action方方土.pdf;raw:knowledge/raw/youtube/fangfangtu/transcripts/Price_Action方方土.pdf;raw:knowledge/raw/notes/方方土视频笔记 - 回调&数K线.pdf;raw:knowledge/raw/notes/方方土视频笔记 - 市场周期.pdf,reports/strategy_lab/m10_price_action_strategy_refresh/backtest_specs/M10-PA-001.json,M12.12.daily_observation_loop,M10-PA-001,趋势回调二次入场,XLV,1d
2026-05-18T15:45:00,trigger_candidate,2e328e2cd063ca37f74738acd869b4b29495697358c31e326d64f50f9f2c8a81,native_current_session_5m_cache,local_data/longbridge_intraday/us_XLV_5m_2026-05-18_2026-05-18_longbridge.csv,2026-05-18T23:58:09Z,145.7600,1.6300,144.1300,147.3200,US,"Opening range breakout proxy found in recorded local cache; observe only, no execution.",eligible_for_read_only_observation,needs_read_only_bar_close_review,medium,m12.scanner-candidate.v1,long,readonly_observation_candidate,raw:knowledge/raw/brooks/transcribed_v2/al_brooks_price_action_course_v2/units/video_048D_breakout_mode_opening_range.md;raw:knowledge/raw/brooks/transcribed_v2/al_brooks_price_action_course_v2/units/video_008C_candles_ttr_ii_ioi_breakout_mode.md;raw:knowledge/raw/brooks/transcribed_v2/al_brooks_price_action_course_v2/units/video_026A_triangles_ttr_wedges_flags_reversal_or_continuation.md,reports/strategy_lab/m10_price_action_strategy_refresh/backtest_specs/M10-PA-012.json,M12.12.daily_observation_loop,M10-PA-012,开盘区间突破,XLV,5m
2026-05-18T15:55:00,watch_candidate,a1b63445231bc7b86e379f46321129f3143c126e1623d3bff1b62a2a579ad720,native_current_session_5m_cache,local_data/longbridge_intraday/us_XLY_5m_2026-05-18_2026-05-18_longbridge.csv,2026-05-18T23:58:09Z,116.2000,0.2150,116.4150,115.7700,US,Trend and pullback proxy found; requires bar-by-bar confirmation before any future status change.,eligible_for_read_only_observation,needs_read_only_bar_close_review,low,m12.scanner-candidate.v1,short,readonly_observation_candidate,raw:knowledge/raw/brooks/transcribed_v2/al_brooks_price_action_course_v2/units/video_009A_pullbacks_bar_counting_basics_high_low_1_2.md;raw:knowledge/raw/brooks/transcribed_v2/al_brooks_price_action_course_v2/units/video_009C_pullbacks_endless_higher_lower_timeframes_countertrend_exit.md;raw:knowledge/raw/brooks/transcribed_v2/al_brooks_price_action_course_v2/units/video_014E_trends_tight_channel_small_pullback.md;raw:knowledge/raw/youtube/fangfangtu/transcripts/Price_Action方方土.pdf;raw:knowledge/raw/youtube/fangfangtu/transcripts/Price_Action方方土.pdf;raw:knowledge/raw/notes/方方土视频笔记 - 回调&数K线.pdf;raw:knowledge/raw/notes/方方土视频笔记 - 市场周期.pdf,reports/strategy_lab/m10_price_action_strategy_refresh/backtest_specs/M10-PA-001.json,M12.12.daily_observation_loop,M10-PA-001,趋势回调二次入场,XLY,5m
2026-05-18T12:40:00,trigger_candidate,a1b63445231bc7b86e379f46321129f3143c126e1623d3bff1b62a2a579ad720,derived_from_5m_current,local_data/longbridge_intraday/us_XLY_5m_2026-05-18_2026-05-18_longbridge.csv,2026-05-18T23:58:09Z,116.1800,1.4300,117.6100,114.8100,US,"Opening range breakout proxy found in recorded local cache; observe only, no execution.",eligible_for_read_only_observation,needs_read_only_bar_close_review,medium,m12.scanner-candidate.v1,short,readonly_observation_candidate,raw:knowledge/raw/brooks/transcribed_v2/al_brooks_price_action_course_v2/units/video_048D_breakout_mode_opening_range.md;raw:knowledge/raw/brooks/transcribed_v2/al_brooks_price_action_course_v2/units/video_008C_candles_ttr_ii_ioi_breakout_mode.md;raw:knowledge/raw/brooks/transcribed_v2/al_brooks_price_action_course_v2/units/video_026A_triangles_ttr_wedges_flags_reversal_or_continuation.md,reports/strategy_lab/m10_price_action_strategy_refresh/backtest_specs/M10-PA-012.json,M12.12.daily_observation_loop,M10-PA-012,开盘区间突破,XLY,15m
2026-05-18T10:15:00,trigger_candidate,a1b63445231bc7b86e379f46321129f3143c126e1623d3bff1b62a2a579ad720,native_current_session_5m_cache,local_data/longbridge_intraday/us_XLY_5m_2026-05-18_2026-05-18_longbridge.csv,2026-05-18T23:58:09Z,117.7400,1.5000,116.2400,119.1100,US,"Opening range breakout proxy found in recorded local cache; observe only, no execution.",eligible_for_read_only_observation,needs_read_only_bar_close_review,medium,m12.scanner-candidate.v1,long,readonly_observation_candidate,raw:knowledge/raw/brooks/transcribed_v2/al_brooks_price_action_course_v2/units/video_048D_breakout_mode_opening_range.md;raw:knowledge/raw/brooks/transcribed_v2/al_brooks_price_action_course_v2/units/video_008C_candles_ttr_ii_ioi_breakout_mode.md;raw:knowledge/raw/brooks/transcribed_v2/al_brooks_price_action_course_v2/units/video_026A_triangles_ttr_wedges_flags_reversal_or_continuation.md,reports/strategy_lab/m10_price_action_strategy_refresh/backtest_specs/M10-PA-012.json,M12.12.daily_observation_loop,M10-PA-012,开盘区间突破,XLY,5m
2026-05-18T15:55:00,watch_candidate,914560d729cb948a4207f0769589a8535d7ba4ae312d5be61b16bd78df050541,native_current_session_5m_cache,local_data/longbridge_intraday/us_XLI_5m_2026-05-18_2026-05-18_longbridge.csv,2026-05-18T23:58:09Z,170.4900,0.3800,170.8700,169.7300,US,Trend and pullback proxy found; requires bar-by-bar confirmation before any future status change.,eligible_for_read_only_observation,needs_read_only_bar_close_review,low,m12.scanner-candidate.v1,short,readonly_observation_candidate,raw:knowledge/raw/brooks/transcribed_v2/al_brooks_price_action_course_v2/units/video_009A_pullbacks_bar_counting_basics_high_low_1_2.md;raw:knowledge/raw/brooks/transcribed_v2/al_brooks_price_action_course_v2/units/video_009C_pullbacks_endless_higher_lower_timeframes_countertrend_exit.md;raw:knowledge/raw/brooks/transcribed_v2/al_brooks_price_action_course_v2/units/video_014E_trends_tight_channel_small_pullback.md;raw:knowledge/raw/youtube/fangfangtu/transcripts/Price_Action方方土.pdf;raw:knowledge/raw/youtube/fangfangtu/transcripts/Price_Action方方土.pdf;raw:knowledge/raw/notes/方方土视频笔记 - 回调&数K线.pdf;raw:knowledge/raw/notes/方方土视频笔记 - 市场周期.pdf,reports/strategy_lab/m10_price_action_strategy_refresh/backtest_specs/M10-PA-001.json,M12.12.daily_observation_loop,M10-PA-001,趋势回调二次入场,XLI,5m
2026-05-18T10:10:00,trigger_candidate,914560d729cb948a4207f0769589a8535d7ba4ae312d5be61b16bd78df050541,derived_from_5m_current,local_data/longbridge_intraday/us_XLI_5m_2026-05-18_2026-05-18_longbridge.csv,2026-05-18T23:58:09Z,170.0300,1.3200,171.3500,168.7400,US,"Opening range breakout proxy found in recorded local cache; observe only, no execution.",eligible_for_read_only_observation,needs_read_only_bar_close_review,medium,m12.scanner-candidate.v1,short,readonly_observation_candidate,raw:knowledge/raw/brooks/transcribed_v2/al_brooks_price_action_course_v2/units/video_048D_breakout_mode_opening_range.md;raw:knowledge/raw/brooks/transcribed_v2/al_brooks_price_action_course_v2/units/video_008C_candles_ttr_ii_ioi_breakout_mode.md;raw:knowledge/raw/brooks/transcribed_v2/al_brooks_price_action_course_v2/units/video_026A_triangles_ttr_wedges_flags_reversal_or_continuation.md,reports/strategy_lab/m10_price_action_strategy_refresh/backtest_specs/M10-PA-012.json,M12.12.daily_observation_loop,M10-PA-012,开盘区间突破,XLI,15m
2026-05-18T10:10:00,trigger_candidate,914560d729cb948a4207f0769589a8535d7ba4ae312d5be61b16bd78df050541,native_current_session_5m_cache,local_data/longbridge_intraday/us_XLI_5m_2026-05-18_2026-05-18_longbridge.csv,2026-05-18T23:58:09Z,170.0300,1.3200,171.3500,168.7400,US,"Opening range breakout proxy found in recorded local cache; observe only, no execution.",eligible_for_read_only_observation,needs_read_only_bar_close_review,medium,m12.scanner-candidate.v1,short,readonly_observation_candidate,raw:knowledge/raw/brooks/transcribed_v2/al_brooks_price_action_course_v2/units/video_048D_breakout_mode_opening_range.md;raw:knowledge/raw/brooks/transcribed_v2/al_brooks_price_action_course_v2/units/video_008C_candles_ttr_ii_ioi_breakout_mode.md;raw:knowledge/raw/brooks/transcribed_v2/al_brooks_price_action_course_v2/units/video_026A_triangles_ttr_wedges_flags_reversal_or_continuation.md,reports/strategy_lab/m10_price_action_strategy_refresh/backtest_specs/M10-PA-012.json,M12.12.daily_observation_loop,M10-PA-012,开盘区间突破,XLI,5m
2026-05-18T15:10:00,trigger_candidate,44dbb0bd9e2192998fad6830597dd866ac30d136d479461f684e86342195dd85,derived_from_5m_current,local_data/longbridge_intraday/us_XLP_5m_2026-05-18_2026-05-18_longbridge.csv,2026-05-18T23:58:09Z,85.7750,1.0950,84.6800,86.7850,US,"Opening range breakout proxy found in recorded local cache; observe only, no execution.",eligible_for_read_only_observation,needs_read_only_bar_close_review,medium,m12.scanner-candidate.v1,long,readonly_observation_candidate,raw:knowledge/raw/brooks/transcribed_v2/al_brooks_price_action_course_v2/units/video_048D_breakout_mode_opening_range.md;raw:knowledge/raw/brooks/transcribed_v2/al_brooks_price_action_course_v2/units/video_008C_candles_ttr_ii_ioi_breakout_mode.md;raw:knowledge/raw/brooks/transcribed_v2/al_brooks_price_action_course_v2/units/video_026A_triangles_ttr_wedges_flags_reversal_or_continuation.md,reports/strategy_lab/m10_price_action_strategy_refresh/backtest_specs/M10-PA-012.json,M12.12.daily_observation_loop,M10-PA-012,开盘区间突破,XLP,15m
2026-05-18T10:45:00,trigger_candidate,44dbb0bd9e2192998fad6830597dd866ac30d136d479461f684e86342195dd85,native_current_session_5m_cache,local_data/longbridge_intraday/us_XLP_5m_2026-05-18_2026-05-18_longbridge.csv,2026-05-18T23:58:09Z,85.7400,1.0600,84.6800,86.7500,US,"Opening range breakout proxy found in recorded local cache; observe only, no execution.",eligible_for_read_only_observation,needs_read_only_bar_close_review,medium,m12.scanner-candidate.v1,long,readonly_observation_candidate,raw:knowledge/raw/brooks/transcribed_v2/al_brooks_price_action_course_v2/units/video_048D_breakout_mode_opening_range.md;raw:knowledge/raw/brooks/transcribed_v2/al_brooks_price_action_course_v2/units/video_008C_candles_ttr_ii_ioi_breakout_mode.md;raw:knowledge/raw/brooks/transcribed_v2/al_brooks_price_action_course_v2/units/video_026A_triangles_ttr_wedges_flags_reversal_or_continuation.md,reports/strategy_lab/m10_price_action_strategy_refresh/backtest_specs/M10-PA-012.json,M12.12.daily_observation_loop,M10-PA-012,开盘区间突破,XLP,5m
2026-05-18T15:55:00,watch_candidate,fa5373ff99e2b64cb403591e5fb54a3f7bb7e7b8748469c5c5eb72625fe55812,native_current_session_5m_cache,local_data/longbridge_intraday/us_XLU_5m_2026-05-18_2026-05-18_longbridge.csv,2026-05-18T23:58:09Z,43.9200,0.3600,43.5600,44.6400,US,Trend and pullback proxy found; requires bar-by-bar confirmation before any future status change.,eligible_for_read_only_observation,needs_read_only_bar_close_review,medium,m12.scanner-candidate.v1,long,readonly_observation_candidate,raw:knowledge/raw/brooks/transcribed_v2/al_brooks_price_action_course_v2/units/video_009A_pullbacks_bar_counting_basics_high_low_1_2.md;raw:knowledge/raw/brooks/transcribed_v2/al_brooks_price_action_course_v2/units/video_009C_pullbacks_endless_higher_lower_timeframes_countertrend_exit.md;raw:knowledge/raw/brooks/transcribed_v2/al_brooks_price_action_course_v2/units/video_014E_trends_tight_channel_small_pullback.md;raw:knowledge/raw/youtube/fangfangtu/transcripts/Price_Action方方土.pdf;raw:knowledge/raw/youtube/fangfangtu/transcripts/Price_Action方方土.pdf;raw:knowledge/raw/notes/方方土视频笔记 - 回调&数K线.pdf;raw:knowledge/raw/notes/方方土视频笔记 - 市场周期.pdf,reports/strategy_lab/m10_price_action_strategy_refresh/backtest_specs/M10-PA-001.json,M12.12.daily_observation_loop,M10-PA-001,趋势回调二次入场,XLU,5m
2026-05-18T15:55:00,trigger_candidate,fa5373ff99e2b64cb403591e5fb54a3f7bb7e7b8748469c5c5eb72625fe55812,derived_from_5m_current,local_data/longbridge_intraday/us_XLU_5m_2026-05-18_2026-05-18_longbridge.csv,2026-05-18T23:58:09Z,43.9000,0.1800,43.7200,44.2600,US,20-bar breakout proxy matched; follow-through still needs bar-close observation.,eligible_for_read_only_observation,needs_read_only_bar_close_review,low,m12.scanner-candidate.v1,long,readonly_observation_candidate,raw:knowledge/raw/brooks/transcribed_v2/al_brooks_price_action_course_v2/units/video_015D_breakouts_second_leg_traps_strong_breakouts.md;raw:knowledge/raw/brooks/transcribed_v2/al_brooks_price_action_course_v2/units/video_015A_breakouts_definition_80_rule_reversal_tr.md;raw:knowledge/raw/brooks/transcribed_v2/al_brooks_price_action_course_v2/units/video_015B_breakouts_follow_through_reversal_small_start.md;raw:knowledge/raw/youtube/fangfangtu/transcripts/Price_Action方方土.pdf;raw:knowledge/raw/youtube/fangfangtu/transcripts/Price_Action方方土.pdf;raw:knowledge/raw/notes/方方土视频笔记-突破.pdf;raw:knowledge/raw/notes/方方土视频笔记-突破.pdf,reports/strategy_lab/m10_price_action_strategy_refresh/backtest_specs/M10-PA-002.json,M12.12.daily_observation_loop,M10-PA-002,突破后续跟进,XLU,15m
2026-05-18T10:10:00,trigger_candidate,fa5373ff99e2b64cb403591e5fb54a3f7bb7e7b8748469c5c5eb72625fe55812,derived_from_5m_current,local_data/longbridge_intraday/us_XLU_5m_2026-05-18_2026-05-18_longbridge.csv,2026-05-18T23:58:09Z,43.7200,0.4900,44.2100,43.4100,US,"Opening range breakout proxy found in recorded local cache; observe only, no execution.",eligible_for_read_only_observation,needs_read_only_bar_close_review,medium,m12.scanner-candidate.v1,short,readonly_observation_candidate,raw:knowledge/raw/brooks/transcribed_v2/al_brooks_price_action_course_v2/units/video_048D_breakout_mode_opening_range.md;raw:knowledge/raw/brooks/transcribed_v2/al_brooks_price_action_course_v2/units/video_008C_candles_ttr_ii_ioi_breakout_mode.md;raw:knowledge/raw/brooks/transcribed_v2/al_brooks_price_action_course_v2/units/video_026A_triangles_ttr_wedges_flags_reversal_or_continuation.md,reports/strategy_lab/m10_price_action_strategy_refresh/backtest_specs/M10-PA-012.json,M12.12.daily_observation_loop,M10-PA-012,开盘区间突破,XLU,15m
2026-05-18T10:05:00,trigger_candidate,fa5373ff99e2b64cb403591e5fb54a3f7bb7e7b8748469c5c5eb72625fe55812,native_current_session_5m_cache,local_data/longbridge_intraday/us_XLU_5m_2026-05-18_2026-05-18_longbridge.csv,2026-05-18T23:58:09Z,43.8700,0.3400,44.2100,43.5600,US,"Opening range breakout proxy found in recorded local cache; observe only, no execution.",eligible_for_read_only_observation,needs_read_only_bar_close_review,medium,m12.scanner-candidate.v1,short,readonly_observation_candidate,raw:knowledge/raw/brooks/transcribed_v2/al_brooks_price_action_course_v2/units/video_048D_breakout_mode_opening_range.md;raw:knowledge/raw/brooks/transcribed_v2/al_brooks_price_action_course_v2/units/video_008C_candles_ttr_ii_ioi_breakout_mode.md;raw:knowledge/raw/brooks/transcribed_v2/al_brooks_price_action_course_v2/units/video_026A_triangles_ttr_wedges_flags_reversal_or_continuation.md,reports/strategy_lab/m10_price_action_strategy_refresh/backtest_specs/M10-PA-012.json,M12.12.daily_observation_loop,M10-PA-012,开盘区间突破,XLU,5m
2026-05-18T15:55:00,watch_candidate,739f01ff3d0357af7c455986ebd9dc0dc5ee5525669cfe51ec951fc71116f49a,native_current_session_5m_cache,local_data/longbridge_intraday/us_XLC_5m_2026-05-18_2026-05-18_longbridge.csv,2026-05-18T23:58:09Z,116.8700,0.2150,117.0850,116.4400,US,Trend and pullback proxy found; requires bar-by-bar confirmation before any future status change.,eligible_for_read_only_observation,needs_read_only_bar_close_review,low,m12.scanner-candidate.v1,short,readonly_observation_candidate,raw:knowledge/raw/brooks/transcribed_v2/al_brooks_price_action_course_v2/units/video_009A_pullbacks_bar_counting_basics_high_low_1_2.md;raw:knowledge/raw/brooks/transcribed_v2/al_brooks_price_action_course_v2/units/video_009C_pullbacks_endless_higher_lower_timeframes_countertrend_exit.md;raw:knowledge/raw/brooks/transcribed_v2/al_brooks_price_action_course_v2/units/video_014E_trends_tight_channel_small_pullback.md;raw:knowledge/raw/youtube/fangfangtu/transcripts/Price_Action方方土.pdf;raw:knowledge/raw/youtube/fangfangtu/transcripts/Price_Action方方土.pdf;raw:knowledge/raw/notes/方方土视频笔记 - 回调&数K线.pdf;raw:knowledge/raw/notes/方方土视频笔记 - 市场周期.pdf,reports/strategy_lab/m10_price_action_strategy_refresh/backtest_specs/M10-PA-001.json,M12.12.daily_observation_loop,M10-PA-001,趋势回调二次入场,XLC,5m
2026-05-18T10:10:00,trigger_candidate,739f01ff3d0357af7c455986ebd9dc0dc5ee5525669cfe51ec951fc71116f49a,derived_from_5m_current,local_data/longbridge_intraday/us_XLC_5m_2026-05-18_2026-05-18_longbridge.csv,2026-05-18T23:58:09Z,117.5500,1.7000,115.8500,118.9900,US,"Opening range breakout proxy found in recorded local cache; observe only, no execution.",eligible_for_read_only_observation,needs_read_only_bar_close_review,medium,m12.scanner-candidate.v1,long,readonly_observation_candidate,raw:knowledge/raw/brooks/transcribed_v2/al_brooks_price_action_course_v2/units/video_048D_breakout_mode_opening_range.md;raw:knowledge/raw/brooks/transcribed_v2/al_brooks_price_action_course_v2/units/video_008C_candles_ttr_ii_ioi_breakout_mode.md;raw:knowledge/raw/brooks/transcribed_v2/al_brooks_price_action_course_v2/units/video_026A_triangles_ttr_wedges_flags_reversal_or_continuation.md,reports/strategy_lab/m10_price_action_strategy_refresh/backtest_specs/M10-PA-012.json,M12.12.daily_observation_loop,M10-PA-012,开盘区间突破,XLC,15m
2026-05-18T10:05:00,trigger_candidate,739f01ff3d0357af7c455986ebd9dc0dc5ee5525669cfe51ec951fc71116f49a,native_current_session_5m_cache,local_data/longbridge_intraday/us_XLC_5m_2026-05-18_2026-05-18_longbridge.csv,2026-05-18T23:58:09Z,117.5500,1.7000,115.8500,118.9900,US,"Opening range breakout proxy found in recorded local cache; observe only, no execution.",eligible_for_read_only_observation,needs_read_only_bar_close_review,medium,m12.scanner-candidate.v1,long,readonly_observation_candidate,raw:knowledge/raw/brooks/transcribed_v2/al_brooks_price_action_course_v2/units/video_048D_breakout_mode_opening_range.md;raw:knowledge/raw/brooks/transcribed_v2/al_brooks_price_action_course_v2/units/video_008C_candles_ttr_ii_ioi_breakout_mode.md;raw:knowledge/raw/brooks/transcribed_v2/al_brooks_price_action_course_v2/units/video_026A_triangles_ttr_wedges_flags_reversal_or_continuation.md,reports/strategy_lab/m10_price_action_strategy_refresh/backtest_specs/M10-PA-012.json,M12.12.daily_observation_loop,M10-PA-012,开盘区间突破,XLC,5m
2026-05-18T15:55:00,watch_candidate,9893f2ab0ae22f0d7b9763ded8e7335bb0eb172665bb7b6d63aae97819bf193e,native_current_session_5m_cache,local_data/longbridge_intraday/us_XLB_5m_2026-05-18_2026-05-18_longbridge.csv,2026-05-18T23:58:09Z,50.1700,0.1570,50.3270,49.8560,US,Trend and pullback proxy found; requires bar-by-bar confirmation before any future status change.,eligible_for_read_only_observation,needs_read_only_bar_close_review,low,m12.scanner-candidate.v1,short,readonly_observation_candidate,raw:knowledge/raw/brooks/transcribed_v2/al_brooks_price_action_course_v2/units/video_009A_pullbacks_bar_counting_basics_high_low_1_2.md;raw:knowledge/raw/brooks/transcribed_v2/al_brooks_price_action_course_v2/units/video_009C_pullbacks_endless_higher_lower_timeframes_countertrend_exit.md;raw:knowledge/raw/brooks/transcribed_v2/al_brooks_price_action_course_v2/units/video_014E_trends_tight_channel_small_pullback.md;raw:knowledge/raw/youtube/fangfangtu/transcripts/Price_Action方方土.pdf;raw:knowledge/raw/youtube/fangfangtu/transcripts/Price_Action方方土.pdf;raw:knowledge/raw/notes/方方土视频笔记 - 回调&数K线.pdf;raw:knowledge/raw/notes/方方土视频笔记 - 市场周期.pdf,reports/strategy_lab/m10_price_action_strategy_refresh/backtest_specs/M10-PA-001.json,M12.12.daily_observation_loop,M10-PA-001,趋势回调二次入场,XLB,5m
2026-05-18T10:25:00,trigger_candidate,dd0caa43b516fadb7e28f1aa686923a718a1677157377e673e2e0425831b5494,derived_from_5m_current,local_data/longbridge_intraday/us_SMH_5m_2026-05-18_2026-05-18_longbridge.csv,2026-05-18T23:58:09Z,546.4600,20.7500,567.2100,529.0550,US,"Opening range breakout proxy found in recorded local cache; observe only, no execution.",eligible_for_read_only_observation,needs_read_only_bar_close_review,high,m12.scanner-candidate.v1,short,readonly_observation_candidate,raw:knowledge/raw/brooks/transcribed_v2/al_brooks_price_action_course_v2/units/video_048D_breakout_mode_opening_range.md;raw:knowledge/raw/brooks/transcribed_v2/al_brooks_price_action_course_v2/units/video_008C_candles_ttr_ii_ioi_breakout_mode.md;raw:knowledge/raw/brooks/transcribed_v2/al_brooks_price_action_course_v2/units/video_026A_triangles_ttr_wedges_flags_reversal_or_continuation.md,reports/strategy_lab/m10_price_action_strategy_refresh/backtest_specs/M10-PA-012.json,M12.12.daily_observation_loop,M10-PA-012,开盘区间突破,SMH,15m
2026-05-18T10:00:00,trigger_candidate,dd0caa43b516fadb7e28f1aa686923a718a1677157377e673e2e0425831b5494,native_current_session_5m_cache,local_data/longbridge_intraday/us_SMH_5m_2026-05-18_2026-05-18_longbridge.csv,2026-05-18T23:58:09Z,548.9100,18.3000,567.2100,531.5050,US,"Opening range breakout proxy found in recorded local cache; observe only, no execution.",eligible_for_read_only_observation,needs_read_only_bar_close_review,high,m12.scanner-candidate.v1,short,readonly_observation_candidate,raw:knowledge/raw/brooks/transcribed_v2/al_brooks_price_action_course_v2/units/video_048D_breakout_mode_opening_range.md;raw:knowledge/raw/brooks/transcribed_v2/al_brooks_price_action_course_v2/units/video_008C_candles_ttr_ii_ioi_breakout_mode.md;raw:knowledge/raw/brooks/transcribed_v2/al_brooks_price_action_course_v2/units/video_026A_triangles_ttr_wedges_flags_reversal_or_continuation.md,reports/strategy_lab/m10_price_action_strategy_refresh/backtest_specs/M10-PA-012.json,M12.12.daily_observation_loop,M10-PA-012,开盘区间突破,SMH,5m
2026-05-18T10:25:00,trigger_candidate,005384a44c2c0b9dcb397e6ca666473a8cb978b8b513da2cbefa304f61eebb50,derived_from_5m_current,local_data/longbridge_intraday/us_SOXX_5m_2026-05-18_2026-05-18_longbridge.csv,2026-05-18T23:58:09Z,497.9750,21.9850,519.9600,479.5450,US,"Opening range breakout proxy found in recorded local cache; observe only, no execution.",eligible_for_read_only_observation,needs_read_only_bar_close_review,high,m12.scanner-candidate.v1,short,readonly_observation_candidate,raw:knowledge/raw/brooks/transcribed_v2/al_brooks_price_action_course_v2/units/video_048D_breakout_mode_opening_range.md;raw:knowledge/raw/brooks/transcribed_v2/al_brooks_price_action_course_v2/units/video_008C_candles_ttr_ii_ioi_breakout_mode.md;raw:knowledge/raw/brooks/transcribed_v2/al_brooks_price_action_course_v2/units/video_026A_triangles_ttr_wedges_flags_reversal_or_continuation.md,reports/strategy_lab/m10_price_action_strategy_refresh/backtest_specs/M10-PA-012.json,M12.12.daily_observation_loop,M10-PA-012,开盘区间突破,SOXX,15m
2026-05-18T10:00:00,trigger_candidate,005384a44c2c0b9dcb397e6ca666473a8cb978b8b513da2cbefa304f61eebb50,native_current_session_5m_cache,local_data/longbridge_intraday/us_SOXX_5m_2026-05-18_2026-05-18_longbridge.csv,2026-05-18T23:58:09Z,499.9100,20.0500,519.9600,481.4800,US,"Opening range breakout proxy found in recorded local cache; observe only, no execution.",eligible_for_read_only_observation,needs_read_only_bar_close_review,high,m12.scanner-candidate.v1,short,readonly_observation_candidate,raw:knowledge/raw/brooks/transcribed_v2/al_brooks_price_action_course_v2/units/video_048D_breakout_mode_opening_range.md;raw:knowledge/raw/brooks/transcribed_v2/al_brooks_price_action_course_v2/units/video_008C_candles_ttr_ii_ioi_breakout_mode.md;raw:knowledge/raw/brooks/transcribed_v2/al_brooks_price_action_course_v2/units/video_026A_triangles_ttr_wedges_flags_reversal_or_continuation.md,reports/strategy_lab/m10_price_action_strategy_refresh/backtest_specs/M10-PA-012.json,M12.12.daily_observation_loop,M10-PA-012,开盘区间突破,SOXX,5m
2026-05-18T10:40:00,trigger_candidate,363d1f378a54454082d8bf1bbf8e011651c295aac9b59160716a4b25bc4f5110,derived_from_5m_current,local_data/longbridge_intraday/us_TQQQ_5m_2026-05-18_2026-05-18_longbridge.csv,2026-05-18T23:58:09Z,74.2100,2.0610,76.2710,72.5190,US,"Opening range breakout proxy found in recorded local cache; observe only, no execution.",eligible_for_read_only_observation,needs_read_only_bar_close_review,high,m12.scanner-candidate.v1,short,readonly_observation_candidate,raw:knowledge/raw/brooks/transcribed_v2/al_brooks_price_action_course_v2/units/video_048D_breakout_mode_opening_range.md;raw:knowledge/raw/brooks/transcribed_v2/al_brooks_price_action_course_v2/units/video_008C_candles_ttr_ii_ioi_breakout_mode.md;raw:knowledge/raw/brooks/transcribed_v2/al_brooks_price_action_course_v2/units/video_026A_triangles_ttr_wedges_flags_reversal_or_continuation.md,reports/strategy_lab/m10_price_action_strategy_refresh/backtest_specs/M10-PA-012.json,M12.12.daily_observation_loop,M10-PA-012,开盘区间突破,TQQQ,15m
2026-05-18T10:30:00,trigger_candidate,363d1f378a54454082d8bf1bbf8e011651c295aac9b59160716a4b25bc4f5110,native_current_session_5m_cache,local_data/longbridge_intraday/us_TQQQ_5m_2026-05-18_2026-05-18_longbridge.csv,2026-05-18T23:58:09Z,73.7050,2.5660,76.2710,72.0140,US,"Opening range breakout proxy found in recorded local cache; observe only, no execution.",eligible_for_read_only_observation,needs_read_only_bar_close_review,high,m12.scanner-candidate.v1,short,readonly_observation_candidate,raw:knowledge/raw/brooks/transcribed_v2/al_brooks_price_action_course_v2/units/video_048D_breakout_mode_opening_range.md;raw:knowledge/raw/brooks/transcribed_v2/al_brooks_price_action_course_v2/units/video_008C_candles_ttr_ii_ioi_breakout_mode.md;raw:knowledge/raw/brooks/transcribed_v2/al_brooks_price_action_course_v2/units/video_026A_triangles_ttr_wedges_flags_reversal_or_continuation.md,reports/strategy_lab/m10_price_action_strategy_refresh/backtest_specs/M10-PA-012.json,M12.12.daily_observation_loop,M10-PA-012,开盘区间突破,TQQQ,5m
2026-05-18T10:40:00,trigger_candidate,06ff48f5da5865eb0fbac611035e9a102a43816ffab20a045026c06a8067b428,derived_from_5m_current,local_data/longbridge_intraday/us_SQQQ_5m_2026-05-18_2026-05-18_longbridge.csv,2026-05-18T23:58:09Z,43.6200,1.1800,42.4400,44.5800,US,"Opening range breakout proxy found in recorded local cache; observe only, no execution.",eligible_for_read_only_observation,needs_read_only_bar_close_review,high,m12.scanner-candidate.v1,long,readonly_observation_candidate,raw:knowledge/raw/brooks/transcribed_v2/al_brooks_price_action_course_v2/units/video_048D_breakout_mode_opening_range.md;raw:knowledge/raw/brooks/transcribed_v2/al_brooks_price_action_course_v2/units/video_008C_candles_ttr_ii_ioi_breakout_mode.md;raw:knowledge/raw/brooks/transcribed_v2/al_brooks_price_action_course_v2/units/video_026A_triangles_ttr_wedges_flags_reversal_or_continuation.md,reports/strategy_lab/m10_price_action_strategy_refresh/backtest_specs/M10-PA-012.json,M12.12.daily_observation_loop,M10-PA-012,开盘区间突破,SQQQ,15m
2026-05-18T10:30:00,trigger_candidate,06ff48f5da5865eb0fbac611035e9a102a43816ffab20a045026c06a8067b428,native_current_session_5m_cache,local_data/longbridge_intraday/us_SQQQ_5m_2026-05-18_2026-05-18_longbridge.csv,2026-05-18T23:58:09Z,43.9030,1.4630,42.4400,44.8630,US,"Opening range breakout proxy found in recorded local cache; observe only, no execution.",eligible_for_read_only_observation,needs_read_only_bar_close_review,high,m12.scanner-candidate.v1,long,readonly_observation_candidate,raw:knowledge/raw/brooks/transcribed_v2/al_brooks_price_action_course_v2/units/video_048D_breakout_mode_opening_range.md;raw:knowledge/raw/brooks/transcribed_v2/al_brooks_price_action_course_v2/units/video_008C_candles_ttr_ii_ioi_breakout_mode.md;raw:knowledge/raw/brooks/transcribed_v2/al_brooks_price_action_course_v2/units/video_026A_triangles_ttr_wedges_flags_reversal_or_continuation.md,reports/strategy_lab/m10_price_action_strategy_refresh/backtest_specs/M10-PA-012.json,M12.12.daily_observation_loop,M10-PA-012,开盘区间突破,SQQQ,5m
2026-05-18T10:25:00,trigger_candidate,99249d175906548d68ddd2d25f10533fcb6eb8b94dbc1cdbd6cb3fead03bb3fd,derived_from_5m_current,local_data/longbridge_intraday/us_GLD_5m_2026-05-18_2026-05-18_longbridge.csv,2026-05-18T23:58:09Z,418.7700,2.1600,420.9300,416.8500,US,"Opening range breakout proxy found in recorded local cache; observe only, no execution.",eligible_for_read_only_observation,needs_read_only_bar_close_review,medium,m12.scanner-candidate.v1,short,readonly_observation_candidate,raw:knowledge/raw/brooks/transcribed_v2/al_brooks_price_action_course_v2/units/video_048D_breakout_mode_opening_range.md;raw:knowledge/raw/brooks/transcribed_v2/al_brooks_price_action_course_v2/units/video_008C_candles_ttr_ii_ioi_breakout_mode.md;raw:knowledge/raw/brooks/transcribed_v2/al_brooks_price_action_course_v2/units/video_026A_triangles_ttr_wedges_flags_reversal_or_continuation.md,reports/strategy_lab/m10_price_action_strategy_refresh/backtest_specs/M10-PA-012.json,M12.12.daily_observation_loop,M10-PA-012,开盘区间突破,GLD,15m
2026-05-18T10:20:00,trigger_candidate,99249d175906548d68ddd2d25f10533fcb6eb8b94dbc1cdbd6cb3fead03bb3fd,native_current_session_5m_cache,local_data/longbridge_intraday/us_GLD_5m_2026-05-18_2026-05-18_longbridge.csv,2026-05-18T23:58:09Z,418.5300,2.4000,420.9300,416.6100,US,"Opening range breakout proxy found in recorded local cache; observe only, no execution.",eligible_for_read_only_observation,needs_read_only_bar_close_review,medium,m12.scanner-candidate.v1,short,readonly_observation_candidate,raw:knowledge/raw/brooks/transcribed_v2/al_brooks_price_action_course_v2/units/video_048D_breakout_mode_opening_range.md;raw:knowledge/raw/brooks/transcribed_v2/al_brooks_price_action_course_v2/units/video_008C_candles_ttr_ii_ioi_breakout_mode.md;raw:knowledge/raw/brooks/transcribed_v2/al_brooks_price_action_course_v2/units/video_026A_triangles_ttr_wedges_flags_reversal_or_continuation.md,reports/strategy_lab/m10_price_action_strategy_refresh/backtest_specs/M10-PA-012.json,M12.12.daily_observation_loop,M10-PA-012,开盘区间突破,GLD,5m
2026-05-18T16:00:00-04:00,watch_candidate,7da5642d9b6625282a5d3ca2678ee713aa3321757e118fc868b3633c345d728a,native_daily_cache,local_data/longbridge_history/us_SLV_1d_2010-06-29_2026-05-18_longbridge.csv,2026-05-18T23:58:09Z,70.4000,1.8550,68.5450,74.1100,US,Trend and pullback proxy found; requires bar-by-bar confirmation before any future status change.,eligible_for_read_only_observation,needs_read_only_bar_close_review,high,m12.scanner-candidate.v1,long,readonly_observation_candidate,raw:knowledge/raw/brooks/transcribed_v2/al_brooks_price_action_course_v2/units/video_009A_pullbacks_bar_counting_basics_high_low_1_2.md;raw:knowledge/raw/brooks/transcribed_v2/al_brooks_price_action_course_v2/units/video_009C_pullbacks_endless_higher_lower_timeframes_countertrend_exit.md;raw:knowledge/raw/brooks/transcribed_v2/al_brooks_price_action_course_v2/units/video_014E_trends_tight_channel_small_pullback.md;raw:knowledge/raw/youtube/fangfangtu/transcripts/Price_Action方方土.pdf;raw:knowledge/raw/youtube/fangfangtu/transcripts/Price_Action方方土.pdf;raw:knowledge/raw/notes/方方土视频笔记 - 回调&数K线.pdf;raw:knowledge/raw/notes/方方土视频笔记 - 市场周期.pdf,reports/strategy_lab/m10_price_action_strategy_refresh/backtest_specs/M10-PA-001.json,M12.12.daily_observation_loop,M10-PA-001,趋势回调二次入场,SLV,1d
2026-05-18T15:55:00,watch_candidate,77f8e1fcd24df511d26f855d8816067687948609425744347b41a978fbf3024b,native_current_session_5m_cache,local_data/longbridge_intraday/us_SLV_5m_2026-05-18_2026-05-18_longbridge.csv,2026-05-18T23:58:09Z,70.1100,0.5550,69.5550,71.2200,US,Trend and pullback proxy found; requires bar-by-bar confirmation before any future status change.,eligible_for_read_only_observation,needs_read_only_bar_close_review,medium,m12.scanner-candidate.v1,long,readonly_observation_candidate,raw:knowledge/raw/brooks/transcribed_v2/al_brooks_price_action_course_v2/units/video_009A_pullbacks_bar_counting_basics_high_low_1_2.md;raw:knowledge/raw/brooks/transcribed_v2/al_brooks_price_action_course_v2/units/video_009C_pullbacks_endless_higher_lower_timeframes_countertrend_exit.md;raw:knowledge/raw/brooks/transcribed_v2/al_brooks_price_action_course_v2/units/video_014E_trends_tight_channel_small_pullback.md;raw:knowledge/raw/youtube/fangfangtu/transcripts/Price_Action方方土.pdf;raw:knowledge/raw/youtube/fangfangtu/transcripts/Price_Action方方土.pdf;raw:knowledge/raw/notes/方方土视频笔记 - 回调&数K线.pdf;raw:knowledge/raw/notes/方方土视频笔记 - 市场周期.pdf,reports/strategy_lab/m10_price_action_strategy_refresh/backtest_specs/M10-PA-001.json,M12.12.daily_observation_loop,M10-PA-001,趋势回调二次入场,SLV,5m
2026-05-18T10:10:00,trigger_candidate,77f8e1fcd24df511d26f855d8816067687948609425744347b41a978fbf3024b,derived_from_5m_current,local_data/longbridge_intraday/us_SLV_5m_2026-05-18_2026-05-18_longbridge.csv,2026-05-18T23:58:09Z,69.8750,0.8900,70.7650,69.1800,US,"Opening range breakout proxy found in recorded local cache; observe only, no execution.",eligible_for_read_only_observation,needs_read_only_bar_close_review,medium,m12.scanner-candidate.v1,short,readonly_observation_candidate,raw:knowledge/raw/brooks/transcribed_v2/al_brooks_price_action_course_v2/units/video_048D_breakout_mode_opening_range.md;raw:knowledge/raw/brooks/transcribed_v2/al_brooks_price_action_course_v2/units/video_008C_candles_ttr_ii_ioi_breakout_mode.md;raw:knowledge/raw/brooks/transcribed_v2/al_brooks_price_action_course_v2/units/video_026A_triangles_ttr_wedges_flags_reversal_or_continuation.md,reports/strategy_lab/m10_price_action_strategy_refresh/backtest_specs/M10-PA-012.json,M12.12.daily_observation_loop,M10-PA-012,开盘区间突破,SLV,15m
2026-05-18T10:10:00,trigger_candidate,77f8e1fcd24df511d26f855d8816067687948609425744347b41a978fbf3024b,native_current_session_5m_cache,local_data/longbridge_intraday/us_SLV_5m_2026-05-18_2026-05-18_longbridge.csv,2026-05-18T23:58:09Z,69.8750,0.8900,70.7650,69.1800,US,"Opening range breakout proxy found in recorded local cache; observe only, no execution.",eligible_for_read_only_observation,needs_read_only_bar_close_review,medium,m12.scanner-candidate.v1,short,readonly_observation_candidate,raw:knowledge/raw/brooks/transcribed_v2/al_brooks_price_action_course_v2/units/video_048D_breakout_mode_opening_range.md;raw:knowledge/raw/brooks/transcribed_v2/al_brooks_price_action_course_v2/units/video_008C_candles_ttr_ii_ioi_breakout_mode.md;raw:knowledge/raw/brooks/transcribed_v2/al_brooks_price_action_course_v2/units/video_026A_triangles_ttr_wedges_flags_reversal_or_continuation.md,reports/strategy_lab/m10_price_action_strategy_refresh/backtest_specs/M10-PA-012.json,M12.12.daily_observation_loop,M10-PA-012,开盘区间突破,SLV,5m
2026-05-18T10:10:00,trigger_candidate,6cd31e364c5ebef26b50032642ffebc8873c53049629aec0fbb6d2221cc566f7,derived_from_5m_current,local_data/longbridge_intraday/us_USO_5m_2026-05-18_2026-05-18_longbridge.csv,2026-05-18T23:58:09Z,147.5400,2.5800,144.9600,149.3000,US,"Opening range breakout proxy found in recorded local cache; observe only, no execution.",eligible_for_read_only_observation,needs_read_only_bar_close_review,high,m12.scanner-candidate.v1,long,readonly_observation_candidate,raw:knowledge/raw/brooks/transcribed_v2/al_brooks_price_action_course_v2/units/video_048D_breakout_mode_opening_range.md;raw:knowledge/raw/brooks/transcribed_v2/al_brooks_price_action_course_v2/units/video_008C_candles_ttr_ii_ioi_breakout_mode.md;raw:knowledge/raw/brooks/transcribed_v2/al_brooks_price_action_course_v2/units/video_026A_triangles_ttr_wedges_flags_reversal_or_continuation.md,reports/strategy_lab/m10_price_action_strategy_refresh/backtest_specs/M10-PA-012.json,M12.12.daily_observation_loop,M10-PA-012,开盘区间突破,USO,15m
2026-05-18T10:00:00,trigger_candidate,6cd31e364c5ebef26b50032642ffebc8873c53049629aec0fbb6d2221cc566f7,native_current_session_5m_cache,local_data/longbridge_intraday/us_USO_5m_2026-05-18_2026-05-18_longbridge.csv,2026-05-18T23:58:09Z,146.9450,1.9850,144.9600,148.7050,US,"Opening range breakout proxy found in recorded local cache; observe only, no execution.",eligible_for_read_only_observation,needs_read_only_bar_close_review,medium,m12.scanner-candidate.v1,long,readonly_observation_candidate,raw:knowledge/raw/brooks/transcribed_v2/al_brooks_price_action_course_v2/units/video_048D_breakout_mode_opening_range.md;raw:knowledge/raw/brooks/transcribed_v2/al_brooks_price_action_course_v2/units/video_008C_candles_ttr_ii_ioi_breakout_mode.md;raw:knowledge/raw/brooks/transcribed_v2/al_brooks_price_action_course_v2/units/video_026A_triangles_ttr_wedges_flags_reversal_or_continuation.md,reports/strategy_lab/m10_price_action_strategy_refresh/backtest_specs/M10-PA-012.json,M12.12.daily_observation_loop,M10-PA-012,开盘区间突破,USO,5m
2026-05-18T15:55:00,watch_candidate,800a35e9847d3019a8c2351c80243a6b3a896b4ebb4d4e8bd52b1011483a1697,native_current_session_5m_cache,local_data/longbridge_intraday/us_TLT_5m_2026-05-18_2026-05-18_longbridge.csv,2026-05-18T23:58:09Z,83.6100,0.0500,83.6600,83.5100,US,Trend and pullback proxy found; requires bar-by-bar confirmation before any future status change.,eligible_for_read_only_observation,needs_read_only_bar_close_review,low,m12.scanner-candidate.v1,short,readonly_observation_candidate,raw:knowledge/raw/brooks/transcribed_v2/al_brooks_price_action_course_v2/units/video_009A_pullbacks_bar_counting_basics_high_low_1_2.md;raw:knowledge/raw/brooks/transcribed_v2/al_brooks_price_action_course_v2/units/video_009C_pullbacks_endless_higher_lower_timeframes_countertrend_exit.md;raw:knowledge/raw/brooks/transcribed_v2/al_brooks_price_action_course_v2/units/video_014E_trends_tight_channel_small_pullback.md;raw:knowledge/raw/youtube/fangfangtu/transcripts/Price_Action方方土.pdf;raw:knowledge/raw/youtube/fangfangtu/transcripts/Price_Action方方土.pdf;raw:knowledge/raw/notes/方方土视频笔记 - 回调&数K线.pdf;raw:knowledge/raw/notes/方方土视频笔记 - 市场周期.pdf,reports/strategy_lab/m10_price_action_strategy_refresh/backtest_specs/M10-PA-001.json,M12.12.daily_observation_loop,M10-PA-001,趋势回调二次入场,TLT,5m
2026-05-18T10:25:00,trigger_candidate,800a35e9847d3019a8c2351c80243a6b3a896b4ebb4d4e8bd52b1011483a1697,derived_from_5m_current,local_data/longbridge_intraday/us_TLT_5m_2026-05-18_2026-05-18_longbridge.csv,2026-05-18T23:58:09Z,83.6000,0.3150,83.9150,83.3300,US,"Opening range breakout proxy found in recorded local cache; observe only, no execution.",eligible_for_read_only_observation,needs_read_only_bar_close_review,low,m12.scanner-candidate.v1,short,readonly_observation_candidate,raw:knowledge/raw/brooks/transcribed_v2/al_brooks_price_action_course_v2/units/video_048D_breakout_mode_opening_range.md;raw:knowledge/raw/brooks/transcribed_v2/al_brooks_price_action_course_v2/units/video_008C_candles_ttr_ii_ioi_breakout_mode.md;raw:knowledge/raw/brooks/transcribed_v2/al_brooks_price_action_course_v2/units/video_026A_triangles_ttr_wedges_flags_reversal_or_continuation.md,reports/strategy_lab/m10_price_action_strategy_refresh/backtest_specs/M10-PA-012.json,M12.12.daily_observation_loop,M10-PA-012,开盘区间突破,TLT,15m
2026-05-18T10:20:00,trigger_candidate,800a35e9847d3019a8c2351c80243a6b3a896b4ebb4d4e8bd52b1011483a1697,native_current_session_5m_cache,local_data/longbridge_intraday/us_TLT_5m_2026-05-18_2026-05-18_longbridge.csv,2026-05-18T23:58:09Z,83.6100,0.3050,83.9150,83.3400,US,"Opening range breakout proxy found in recorded local cache; observe only, no execution.",eligible_for_read_only_observation,needs_read_only_bar_close_review,low,m12.scanner-candidate.v1,short,readonly_observation_candidate,raw:knowledge/raw/brooks/transcribed_v2/al_brooks_price_action_course_v2/units/video_048D_breakout_mode_opening_range.md;raw:knowledge/raw/brooks/transcribed_v2/al_brooks_price_action_course_v2/units/video_008C_candles_ttr_ii_ioi_breakout_mode.md;raw:knowledge/raw/brooks/transcribed_v2/al_brooks_price_action_course_v2/units/video_026A_triangles_ttr_wedges_flags_reversal_or_continuation.md,reports/strategy_lab/m10_price_action_strategy_refresh/backtest_specs/M10-PA-012.json,M12.12.daily_observation_loop,M10-PA-012,开盘区间突破,TLT,5m
2026-05-18T11:25:00,trigger_candidate,bdeece4d08698902f519df0f9e9fac770b6a3a4c8968c9d5e3a7f67ac989d1a5,derived_from_5m_current,local_data/longbridge_intraday/us_HYG_5m_2026-05-18_2026-05-18_longbridge.csv,2026-05-18T23:58:09Z,79.5200,0.1800,79.7000,79.3900,US,"Opening range breakout proxy found in recorded local cache; observe only, no execution.",eligible_for_read_only_observation,needs_read_only_bar_close_review,low,m12.scanner-candidate.v1,short,readonly_observation_candidate,raw:knowledge/raw/brooks/transcribed_v2/al_brooks_price_action_course_v2/units/video_048D_breakout_mode_opening_range.md;raw:knowledge/raw/brooks/transcribed_v2/al_brooks_price_action_course_v2/units/video_008C_candles_ttr_ii_ioi_breakout_mode.md;raw:knowledge/raw/brooks/transcribed_v2/al_brooks_price_action_course_v2/units/video_026A_triangles_ttr_wedges_flags_reversal_or_continuation.md,reports/strategy_lab/m10_price_action_strategy_refresh/backtest_specs/M10-PA-012.json,M12.12.daily_observation_loop,M10-PA-012,开盘区间突破,HYG,15m
2026-05-18T11:00:00,trigger_candidate,bdeece4d08698902f519df0f9e9fac770b6a3a4c8968c9d5e3a7f67ac989d1a5,native_current_session_5m_cache,local_data/longbridge_intraday/us_HYG_5m_2026-05-18_2026-05-18_longbridge.csv,2026-05-18T23:58:09Z,79.5650,0.1350,79.7000,79.4350,US,"Opening range breakout proxy found in recorded local cache; observe only, no execution.",eligible_for_read_only_observation,needs_read_only_bar_close_review,low,m12.scanner-candidate.v1,short,readonly_observation_candidate,raw:knowledge/raw/brooks/transcribed_v2/al_brooks_price_action_course_v2/units/video_048D_breakout_mode_opening_range.md;raw:knowledge/raw/brooks/transcribed_v2/al_brooks_price_action_course_v2/units/video_008C_candles_ttr_ii_ioi_breakout_mode.md;raw:knowledge/raw/brooks/transcribed_v2/al_brooks_price_action_course_v2/units/video_026A_triangles_ttr_wedges_flags_reversal_or_continuation.md,reports/strategy_lab/m10_price_action_strategy_refresh/backtest_specs/M10-PA-012.json,M12.12.daily_observation_loop,M10-PA-012,开盘区间突破,HYG,5m
2026-05-18T15:55:00,watch_candidate,9b21762ac67459cb4fe331e43b95a08ea2689a329783caf78f5ac5e3bf8af82c,native_current_session_5m_cache,local_data/longbridge_intraday/us_LQD_5m_2026-05-18_2026-05-18_longbridge.csv,2026-05-18T23:58:09Z,107.6650,0.0700,107.7350,107.5250,US,Trend and pullback proxy found; requires bar-by-bar confirmation before any future status change.,eligible_for_read_only_observation,needs_read_only_bar_close_review,low,m12.scanner-candidate.v1,short,readonly_observation_candidate,raw:knowledge/raw/brooks/transcribed_v2/al_brooks_price_action_course_v2/units/video_009A_pullbacks_bar_counting_basics_high_low_1_2.md;raw:knowledge/raw/brooks/transcribed_v2/al_brooks_price_action_course_v2/units/video_009C_pullbacks_endless_higher_lower_timeframes_countertrend_exit.md;raw:knowledge/raw/brooks/transcribed_v2/al_brooks_price_action_course_v2/units/video_014E_trends_tight_channel_small_pullback.md;raw:knowledge/raw/youtube/fangfangtu/transcripts/Price_Action方方土.pdf;raw:knowledge/raw/youtube/fangfangtu/transcripts/Price_Action方方土.pdf;raw:knowledge/raw/notes/方方土视频笔记 - 回调&数K线.pdf;raw:knowledge/raw/notes/方方土视频笔记 - 市场周期.pdf,reports/strategy_lab/m10_price_action_strategy_refresh/backtest_specs/M10-PA-001.json,M12.12.daily_observation_loop,M10-PA-001,趋势回调二次入场,LQD,5m
2026-05-18T10:40:00,trigger_candidate,9b21762ac67459cb4fe331e43b95a08ea2689a329783caf78f5ac5e3bf8af82c,derived_from_5m_current,local_data/longbridge_intraday/us_LQD_5m_2026-05-18_2026-05-18_longbridge.csv,2026-05-18T23:58:09Z,107.8100,0.3000,108.1100,107.5800,US,"Opening range breakout proxy found in recorded local cache; observe only, no execution.",eligible_for_read_only_observation,needs_read_only_bar_close_review,low,m12.scanner-candidate.v1,short,readonly_observation_candidate,raw:knowledge/raw/brooks/transcribed_v2/al_brooks_price_action_course_v2/units/video_048D_breakout_mode_opening_range.md;raw:knowledge/raw/brooks/transcribed_v2/al_brooks_price_action_course_v2/units/video_008C_candles_ttr_ii_ioi_breakout_mode.md;raw:knowledge/raw/brooks/transcribed_v2/al_brooks_price_action_course_v2/units/video_026A_triangles_ttr_wedges_flags_reversal_or_continuation.md,reports/strategy_lab/m10_price_action_strategy_refresh/backtest_specs/M10-PA-012.json,M12.12.daily_observation_loop,M10-PA-012,开盘区间突破,LQD,15m
2026-05-18T10:30:00,trigger_candidate,9b21762ac67459cb4fe331e43b95a08ea2689a329783caf78f5ac5e3bf8af82c,native_current_session_5m_cache,local_data/longbridge_intraday/us_LQD_5m_2026-05-18_2026-05-18_longbridge.csv,2026-05-18T23:58:09Z,107.8050,0.3050,108.1100,107.5750,US,"Opening range breakout proxy found in recorded local cache; observe only, no execution.",eligible_for_read_only_observation,needs_read_only_bar_close_review,low,m12.scanner-candidate.v1,short,readonly_observation_candidate,raw:knowledge/raw/brooks/transcribed_v2/al_brooks_price_action_course_v2/units/video_048D_breakout_mode_opening_range.md;raw:knowledge/raw/brooks/transcribed_v2/al_brooks_price_action_course_v2/units/video_008C_candles_ttr_ii_ioi_breakout_mode.md;raw:knowledge/raw/brooks/transcribed_v2/al_brooks_price_action_course_v2/units/video_026A_triangles_ttr_wedges_flags_reversal_or_continuation.md,reports/strategy_lab/m10_price_action_strategy_refresh/backtest_specs/M10-PA-012.json,M12.12.daily_observation_loop,M10-PA-012,开盘区间突破,LQD,5m
2026-05-18T16:00:00-04:00,watch_candidate,a0d993a79c57eac56a1c4ab9f89a09ca5a081e5b6d4c4d54c1075cf70a2e7c8d,native_daily_cache,local_data/longbridge_history/us_EEM_1d_2010-06-29_2026-05-18_longbridge.csv,2026-05-18T23:58:09Z,65.7600,1.0450,64.7150,67.8500,US,Trend and pullback proxy found; requires bar-by-bar confirmation before any future status change.,eligible_for_read_only_observation,needs_read_only_bar_close_review,high,m12.scanner-candidate.v1,long,readonly_observation_candidate,raw:knowledge/raw/brooks/transcribed_v2/al_brooks_price_action_course_v2/units/video_009A_pullbacks_bar_counting_basics_high_low_1_2.md;raw:knowledge/raw/brooks/transcribed_v2/al_brooks_price_action_course_v2/units/video_009C_pullbacks_endless_higher_lower_timeframes_countertrend_exit.md;raw:knowledge/raw/brooks/transcribed_v2/al_brooks_price_action_course_v2/units/video_014E_trends_tight_channel_small_pullback.md;raw:knowledge/raw/youtube/fangfangtu/transcripts/Price_Action方方土.pdf;raw:knowledge/raw/youtube/fangfangtu/transcripts/Price_Action方方土.pdf;raw:knowledge/raw/notes/方方土视频笔记 - 回调&数K线.pdf;raw:knowledge/raw/notes/方方土视频笔记 - 市场周期.pdf,reports/strategy_lab/m10_price_action_strategy_refresh/backtest_specs/M10-PA-001.json,M12.12.daily_observation_loop,M10-PA-001,趋势回调二次入场,EEM,1d
2026-05-18T10:40:00,trigger_candidate,0d9b7d599cc494d38c250c0edf33470d2c336e231b0177d05851ac7b1eb88f8c,derived_from_5m_current,local_data/longbridge_intraday/us_EEM_5m_2026-05-18_2026-05-18_longbridge.csv,2026-05-18T23:58:09Z,65.0600,0.7000,65.7600,64.4650,US,"Opening range breakout proxy found in recorded local cache; observe only, no execution.",eligible_for_read_only_observation,needs_read_only_bar_close_review,medium,m12.scanner-candidate.v1,short,readonly_observation_candidate,raw:knowledge/raw/brooks/transcribed_v2/al_brooks_price_action_course_v2/units/video_048D_breakout_mode_opening_range.md;raw:knowledge/raw/brooks/transcribed_v2/al_brooks_price_action_course_v2/units/video_008C_candles_ttr_ii_ioi_breakout_mode.md;raw:knowledge/raw/brooks/transcribed_v2/al_brooks_price_action_course_v2/units/video_026A_triangles_ttr_wedges_flags_reversal_or_continuation.md,reports/strategy_lab/m10_price_action_strategy_refresh/backtest_specs/M10-PA-012.json,M12.12.daily_observation_loop,M10-PA-012,开盘区间突破,EEM,15m
2026-05-18T10:30:00,trigger_candidate,0d9b7d599cc494d38c250c0edf33470d2c336e231b0177d05851ac7b1eb88f8c,native_current_session_5m_cache,local_data/longbridge_intraday/us_EEM_5m_2026-05-18_2026-05-18_longbridge.csv,2026-05-18T23:58:09Z,64.9650,0.7950,65.7600,64.3700,US,"Opening range breakout proxy found in recorded local cache; observe only, no execution.",eligible_for_read_only_observation,needs_read_only_bar_close_review,medium,m12.scanner-candidate.v1,short,readonly_observation_candidate,raw:knowledge/raw/brooks/transcribed_v2/al_brooks_price_action_course_v2/units/video_048D_breakout_mode_opening_range.md;raw:knowledge/raw/brooks/transcribed_v2/al_brooks_price_action_course_v2/units/video_008C_candles_ttr_ii_ioi_breakout_mode.md;raw:knowledge/raw/brooks/transcribed_v2/al_brooks_price_action_course_v2/units/video_026A_triangles_ttr_wedges_flags_reversal_or_continuation.md,reports/strategy_lab/m10_price_action_strategy_refresh/backtest_specs/M10-PA-012.json,M12.12.daily_observation_loop,M10-PA-012,开盘区间突破,EEM,5m
2026-05-18T16:00:00-04:00,watch_candidate,541b706ce5a1f45ed422f9c6fefe30c960a49b8a0701ff155986140d34d80c83,native_daily_cache,local_data/longbridge_history/us_EFA_1d_2010-06-29_2026-05-18_longbridge.csv,2026-05-18T23:58:09Z,102.6200,1.0700,101.5500,104.7600,US,Trend and pullback proxy found; requires bar-by-bar confirmation before any future status change.,eligible_for_read_only_observation,needs_read_only_bar_close_review,medium,m12.scanner-candidate.v1,long,readonly_observation_candidate,raw:knowledge/raw/brooks/transcribed_v2/al_brooks_price_action_course_v2/units/video_009A_pullbacks_bar_counting_basics_high_low_1_2.md;raw:knowledge/raw/brooks/transcribed_v2/al_brooks_price_action_course_v2/units/video_009C_pullbacks_endless_higher_lower_timeframes_countertrend_exit.md;raw:knowledge/raw/brooks/transcribed_v2/al_brooks_price_action_course_v2/units/video_014E_trends_tight_channel_small_pullback.md;raw:knowledge/raw/youtube/fangfangtu/transcripts/Price_Action方方土.pdf;raw:knowledge/raw/youtube/fangfangtu/transcripts/Price_Action方方土.pdf;raw:knowledge/raw/notes/方方土视频笔记 - 回调&数K线.pdf;raw:knowledge/raw/notes/方方土视频笔记 - 市场周期.pdf,reports/strategy_lab/m10_price_action_strategy_refresh/backtest_specs/M10-PA-001.json,M12.12.daily_observation_loop,M10-PA-001,趋势回调二次入场,EFA,1d
2026-05-18T11:10:00,trigger_candidate,c50bb9d130c8f8d6b5754fa14273df78033ca96eb3f66e7367b2fe2bb724e997,derived_from_5m_current,local_data/longbridge_intraday/us_EFA_5m_2026-05-18_2026-05-18_longbridge.csv,2026-05-18T23:58:09Z,102.1750,0.6450,102.8200,101.6850,US,"Opening range breakout proxy found in recorded local cache; observe only, no execution.",eligible_for_read_only_observation,needs_read_only_bar_close_review,medium,m12.scanner-candidate.v1,short,readonly_observation_candidate,raw:knowledge/raw/brooks/transcribed_v2/al_brooks_price_action_course_v2/units/video_048D_breakout_mode_opening_range.md;raw:knowledge/raw/brooks/transcribed_v2/al_brooks_price_action_course_v2/units/video_008C_candles_ttr_ii_ioi_breakout_mode.md;raw:knowledge/raw/brooks/transcribed_v2/al_brooks_price_action_course_v2/units/video_026A_triangles_ttr_wedges_flags_reversal_or_continuation.md,reports/strategy_lab/m10_price_action_strategy_refresh/backtest_specs/M10-PA-012.json,M12.12.daily_observation_loop,M10-PA-012,开盘区间突破,EFA,15m
2026-05-18T11:00:00,trigger_candidate,c50bb9d130c8f8d6b5754fa14273df78033ca96eb3f66e7367b2fe2bb724e997,native_current_session_5m_cache,local_data/longbridge_intraday/us_EFA_5m_2026-05-18_2026-05-18_longbridge.csv,2026-05-18T23:58:09Z,102.1100,0.7100,102.8200,101.6200,US,"Opening range breakout proxy found in recorded local cache; observe only, no execution.",eligible_for_read_only_observation,needs_read_only_bar_close_review,medium,m12.scanner-candidate.v1,short,readonly_observation_candidate,raw:knowledge/raw/brooks/transcribed_v2/al_brooks_price_action_course_v2/units/video_048D_breakout_mode_opening_range.md;raw:knowledge/raw/brooks/transcribed_v2/al_brooks_price_action_course_v2/units/video_008C_candles_ttr_ii_ioi_breakout_mode.md;raw:knowledge/raw/brooks/transcribed_v2/al_brooks_price_action_course_v2/units/video_026A_triangles_ttr_wedges_flags_reversal_or_continuation.md,reports/strategy_lab/m10_price_action_strategy_refresh/backtest_specs/M10-PA-012.json,M12.12.daily_observation_loop,M10-PA-012,开盘区间突破,EFA,5m
2026-05-18T15:55:00,watch_candidate,543f6766f62cf0173b3594c1ff8a2b0948c8163cee1f2e21f58399124cf9b15a,native_current_session_5m_cache,local_data/longbridge_intraday/us_ARKK_5m_2026-05-18_2026-05-18_longbridge.csv,2026-05-18T23:58:09Z,74.4900,0.1500,74.6400,74.1900,US,Trend and pullback proxy found; requires bar-by-bar confirmation before any future status change.,eligible_for_read_only_observation,needs_read_only_bar_close_review,low,m12.scanner-candidate.v1,short,readonly_observation_candidate,raw:knowledge/raw/brooks/transcribed_v2/al_brooks_price_action_course_v2/units/video_009A_pullbacks_bar_counting_basics_high_low_1_2.md;raw:knowledge/raw/brooks/transcribed_v2/al_brooks_price_action_course_v2/units/video_009C_pullbacks_endless_higher_lower_timeframes_countertrend_exit.md;raw:knowledge/raw/brooks/transcribed_v2/al_brooks_price_action_course_v2/units/video_014E_trends_tight_channel_small_pullback.md;raw:knowledge/raw/youtube/fangfangtu/transcripts/Price_Action方方土.pdf;raw:knowledge/raw/youtube/fangfangtu/transcripts/Price_Action方方土.pdf;raw:knowledge/raw/notes/方方土视频笔记 - 回调&数K线.pdf;raw:knowledge/raw/notes/方方土视频笔记 - 市场周期.pdf,reports/strategy_lab/m10_price_action_strategy_refresh/backtest_specs/M10-PA-001.json,M12.12.daily_observation_loop,M10-PA-001,趋势回调二次入场,ARKK,5m
2026-05-18T11:10:00,trigger_candidate,543f6766f62cf0173b3594c1ff8a2b0948c8163cee1f2e21f58399124cf9b15a,derived_from_5m_current,local_data/longbridge_intraday/us_ARKK_5m_2026-05-18_2026-05-18_longbridge.csv,2026-05-18T23:58:09Z,74.4200,1.5050,75.9250,72.9750,US,"Opening range breakout proxy found in recorded local cache; observe only, no execution.",eligible_for_read_only_observation,needs_read_only_bar_close_review,high,m12.scanner-candidate.v1,short,readonly_observation_candidate,raw:knowledge/raw/brooks/transcribed_v2/al_brooks_price_action_course_v2/units/video_048D_breakout_mode_opening_range.md;raw:knowledge/raw/brooks/transcribed_v2/al_brooks_price_action_course_v2/units/video_008C_candles_ttr_ii_ioi_breakout_mode.md;raw:knowledge/raw/brooks/transcribed_v2/al_brooks_price_action_course_v2/units/video_026A_triangles_ttr_wedges_flags_reversal_or_continuation.md,reports/strategy_lab/m10_price_action_strategy_refresh/backtest_specs/M10-PA-012.json,M12.12.daily_observation_loop,M10-PA-012,开盘区间突破,ARKK,15m
2026-05-18T10:30:00,trigger_candidate,543f6766f62cf0173b3594c1ff8a2b0948c8163cee1f2e21f58399124cf9b15a,native_current_session_5m_cache,local_data/longbridge_intraday/us_ARKK_5m_2026-05-18_2026-05-18_longbridge.csv,2026-05-18T23:58:09Z,74.4300,1.4950,75.9250,72.9850,US,"Opening range breakout proxy found in recorded local cache; observe only, no execution.",eligible_for_read_only_observation,needs_read_only_bar_close_review,high,m12.scanner-candidate.v1,short,readonly_observation_candidate,raw:knowledge/raw/brooks/transcribed_v2/al_brooks_price_action_course_v2/units/video_048D_breakout_mode_opening_range.md;raw:knowledge/raw/brooks/transcribed_v2/al_brooks_price_action_course_v2/units/video_008C_candles_ttr_ii_ioi_breakout_mode.md;raw:knowledge/raw/brooks/transcribed_v2/al_brooks_price_action_course_v2/units/video_026A_triangles_ttr_wedges_flags_reversal_or_continuation.md,reports/strategy_lab/m10_price_action_strategy_refresh/backtest_specs/M10-PA-012.json,M12.12.daily_observation_loop,M10-PA-012,开盘区间突破,ARKK,5m
2026-05-18T11:10:00,trigger_candidate,5df03d14a1e37074d90ad7581c553763923110420bd90e0cc935ae96f387206c,derived_from_5m_current,local_data/longbridge_intraday/us_AAPL_5m_2026-05-18_2026-05-18_longbridge.csv,2026-05-18T23:58:09Z,296.6700,3.9900,300.6600,293.3700,US,"Opening range breakout proxy found in recorded local cache; observe only, no execution.",eligible_for_read_only_observation,needs_read_only_bar_close_review,medium,m12.scanner-candidate.v1,short,readonly_observation_candidate,raw:knowledge/raw/brooks/transcribed_v2/al_brooks_price_action_course_v2/units/video_048D_breakout_mode_opening_range.md;raw:knowledge/raw/brooks/transcribed_v2/al_brooks_price_action_course_v2/units/video_008C_candles_ttr_ii_ioi_breakout_mode.md;raw:knowledge/raw/brooks/transcribed_v2/al_brooks_price_action_course_v2/units/video_026A_triangles_ttr_wedges_flags_reversal_or_continuation.md,reports/strategy_lab/m10_price_action_strategy_refresh/backtest_specs/M10-PA-012.json,M12.12.daily_observation_loop,M10-PA-012,开盘区间突破,AAPL,15m
2026-05-18T10:00:00,trigger_candidate,5df03d14a1e37074d90ad7581c553763923110420bd90e0cc935ae96f387206c,native_current_session_5m_cache,local_data/longbridge_intraday/us_AAPL_5m_2026-05-18_2026-05-18_longbridge.csv,2026-05-18T23:58:09Z,297.1800,3.4800,300.6600,293.8800,US,"Opening range breakout proxy found in recorded local cache; observe only, no execution.",eligible_for_read_only_observation,needs_read_only_bar_close_review,medium,m12.scanner-candidate.v1,short,readonly_observation_candidate,raw:knowledge/raw/brooks/transcribed_v2/al_brooks_price_action_course_v2/units/video_048D_breakout_mode_opening_range.md;raw:knowledge/raw/brooks/transcribed_v2/al_brooks_price_action_course_v2/units/video_008C_candles_ttr_ii_ioi_breakout_mode.md;raw:knowledge/raw/brooks/transcribed_v2/al_brooks_price_action_course_v2/units/video_026A_triangles_ttr_wedges_flags_reversal_or_continuation.md,reports/strategy_lab/m10_price_action_strategy_refresh/backtest_specs/M10-PA-012.json,M12.12.daily_observation_loop,M10-PA-012,开盘区间突破,AAPL,5m
2026-05-18T13:25:00,trigger_candidate,b2feae3fc689aa52dbc0b5a702d56a828cb7d68a271623f59f0f4b9c6aa49811,derived_from_5m_current,local_data/longbridge_intraday/us_MSFT_5m_2026-05-18_2026-05-18_longbridge.csv,2026-05-18T23:58:09Z,423.0100,7.3300,415.6800,430.3300,US,"Opening range breakout proxy found in recorded local cache; observe only, no execution.",eligible_for_read_only_observation,needs_read_only_bar_close_review,high,m12.scanner-candidate.v1,long,readonly_observation_candidate,raw:knowledge/raw/brooks/transcribed_v2/al_brooks_price_action_course_v2/units/video_048D_breakout_mode_opening_range.md;raw:knowledge/raw/brooks/transcribed_v2/al_brooks_price_action_course_v2/units/video_008C_candles_ttr_ii_ioi_breakout_mode.md;raw:knowledge/raw/brooks/transcribed_v2/al_brooks_price_action_course_v2/units/video_026A_triangles_ttr_wedges_flags_reversal_or_continuation.md,reports/strategy_lab/m10_price_action_strategy_refresh/backtest_specs/M10-PA-012.json,M12.12.daily_observation_loop,M10-PA-012,开盘区间突破,MSFT,15m
2026-05-18T10:15:00,trigger_candidate,b2feae3fc689aa52dbc0b5a702d56a828cb7d68a271623f59f0f4b9c6aa49811,native_current_session_5m_cache,local_data/longbridge_intraday/us_MSFT_5m_2026-05-18_2026-05-18_longbridge.csv,2026-05-18T23:58:09Z,423.9350,8.2550,415.6800,431.2550,US,"Opening range breakout proxy found in recorded local cache; observe only, no execution.",eligible_for_read_only_observation,needs_read_only_bar_close_review,high,m12.scanner-candidate.v1,long,readonly_observation_candidate,raw:knowledge/raw/brooks/transcribed_v2/al_brooks_price_action_course_v2/units/video_048D_breakout_mode_opening_range.md;raw:knowledge/raw/brooks/transcribed_v2/al_brooks_price_action_course_v2/units/video_008C_candles_ttr_ii_ioi_breakout_mode.md;raw:knowledge/raw/brooks/transcribed_v2/al_brooks_price_action_course_v2/units/video_026A_triangles_ttr_wedges_flags_reversal_or_continuation.md,reports/strategy_lab/m10_price_action_strategy_refresh/backtest_specs/M10-PA-012.json,M12.12.daily_observation_loop,M10-PA-012,开盘区间突破,MSFT,5m
2026-05-18T10:25:00,trigger_candidate,db96c2f3cae5a36ab43e64a797bd53363bcd4e568bbdc894df92774490f63df9,derived_from_5m_current,local_data/longbridge_intraday/us_NVDA_5m_2026-05-18_2026-05-18_longbridge.csv,2026-05-18T23:58:09Z,222.8250,7.1750,230.0000,216.3950,US,"Opening range breakout proxy found in recorded local cache; observe only, no execution.",eligible_for_read_only_observation,needs_read_only_bar_close_review,high,m12.scanner-candidate.v1,short,readonly_observation_candidate,raw:knowledge/raw/brooks/transcribed_v2/al_brooks_price_action_course_v2/units/video_048D_breakout_mode_opening_range.md;raw:knowledge/raw/brooks/transcribed_v2/al_brooks_price_action_course_v2/units/video_008C_candles_ttr_ii_ioi_breakout_mode.md;raw:knowledge/raw/brooks/transcribed_v2/al_brooks_price_action_course_v2/units/video_026A_triangles_ttr_wedges_flags_reversal_or_continuation.md,reports/strategy_lab/m10_price_action_strategy_refresh/backtest_specs/M10-PA-012.json,M12.12.daily_observation_loop,M10-PA-012,开盘区间突破,NVDA,15m
2026-05-18T10:25:00,trigger_candidate,db96c2f3cae5a36ab43e64a797bd53363bcd4e568bbdc894df92774490f63df9,native_current_session_5m_cache,local_data/longbridge_intraday/us_NVDA_5m_2026-05-18_2026-05-18_longbridge.csv,2026-05-18T23:58:09Z,222.8250,7.1750,230.0000,216.3950,US,"Opening range breakout proxy found in recorded local cache; observe only, no execution.",eligible_for_read_only_observation,needs_read_only_bar_close_review,high,m12.scanner-candidate.v1,short,readonly_observation_candidate,raw:knowledge/raw/brooks/transcribed_v2/al_brooks_price_action_course_v2/units/video_048D_breakout_mode_opening_range.md;raw:knowledge/raw/brooks/transcribed_v2/al_brooks_price_action_course_v2/units/video_008C_candles_ttr_ii_ioi_breakout_mode.md;raw:knowledge/raw/brooks/transcribed_v2/al_brooks_price_action_course_v2/units/video_026A_triangles_ttr_wedges_flags_reversal_or_continuation.md,reports/strategy_lab/m10_price_action_strategy_refresh/backtest_specs/M10-PA-012.json,M12.12.daily_observation_loop,M10-PA-012,开盘区间突破,NVDA,5m
2026-05-18T16:00:00-04:00,watch_candidate,3386cccfc88aecc0ccaef1ad56bde367f7ef5d27ddab0f451f6403271c7a8308,native_daily_cache,local_data/longbridge_history/us_AMZN_1d_2010-06-29_2026-05-18_longbridge.csv,2026-05-18T23:58:09Z,264.8500,3.9600,260.8900,272.7700,US,Trend and pullback proxy found; requires bar-by-bar confirmation before any future status change.,eligible_for_read_only_observation,needs_read_only_bar_close_review,medium,m12.scanner-candidate.v1,long,readonly_observation_candidate,raw:knowledge/raw/brooks/transcribed_v2/al_brooks_price_action_course_v2/units/video_009A_pullbacks_bar_counting_basics_high_low_1_2.md;raw:knowledge/raw/brooks/transcribed_v2/al_brooks_price_action_course_v2/units/video_009C_pullbacks_endless_higher_lower_timeframes_countertrend_exit.md;raw:knowledge/raw/brooks/transcribed_v2/al_brooks_price_action_course_v2/units/video_014E_trends_tight_channel_small_pullback.md;raw:knowledge/raw/youtube/fangfangtu/transcripts/Price_Action方方土.pdf;raw:knowledge/raw/youtube/fangfangtu/transcripts/Price_Action方方土.pdf;raw:knowledge/raw/notes/方方土视频笔记 - 回调&数K线.pdf;raw:knowledge/raw/notes/方方土视频笔记 - 市场周期.pdf,reports/strategy_lab/m10_price_action_strategy_refresh/backtest_specs/M10-PA-001.json,M12.12.daily_observation_loop,M10-PA-001,趋势回调二次入场,AMZN,1d
2026-05-18T15:55:00,watch_candidate,a9621eda1dd45c195350c7d5595c1d3a5ff5b3ba8588df9307ccc39de5e897ce,native_current_session_5m_cache,local_data/longbridge_intraday/us_AMZN_5m_2026-05-18_2026-05-18_longbridge.csv,2026-05-18T23:58:09Z,264.4850,0.4650,264.9500,263.5550,US,Trend and pullback proxy found; requires bar-by-bar confirmation before any future status change.,eligible_for_read_only_observation,needs_read_only_bar_close_review,low,m12.scanner-candidate.v1,short,readonly_observation_candidate,raw:knowledge/raw/brooks/transcribed_v2/al_brooks_price_action_course_v2/units/video_009A_pullbacks_bar_counting_basics_high_low_1_2.md;raw:knowledge/raw/brooks/transcribed_v2/al_brooks_price_action_course_v2/units/video_009C_pullbacks_endless_higher_lower_timeframes_countertrend_exit.md;raw:knowledge/raw/brooks/transcribed_v2/al_brooks_price_action_course_v2/units/video_014E_trends_tight_channel_small_pullback.md;raw:knowledge/raw/youtube/fangfangtu/transcripts/Price_Action方方土.pdf;raw:knowledge/raw/youtube/fangfangtu/transcripts/Price_Action方方土.pdf;raw:knowledge/raw/notes/方方土视频笔记 - 回调&数K线.pdf;raw:knowledge/raw/notes/方方土视频笔记 - 市场周期.pdf,reports/strategy_lab/m10_price_action_strategy_refresh/backtest_specs/M10-PA-001.json,M12.12.daily_observation_loop,M10-PA-001,趋势回调二次入场,AMZN,5m
2026-05-18T15:55:00,watch_candidate,90f274b9fa00cae4c50698a80295f6a0376c3d63ab6754c068b230b60298d7c1,native_current_session_5m_cache,local_data/longbridge_intraday/us_GOOGL_5m_2026-05-18_2026-05-18_longbridge.csv,2026-05-18T23:58:09Z,396.1050,2.1250,398.2300,391.8550,US,Trend and pullback proxy found; requires bar-by-bar confirmation before any future status change.,eligible_for_read_only_observation,needs_read_only_bar_close_review,medium,m12.scanner-candidate.v1,short,readonly_observation_candidate,raw:knowledge/raw/brooks/transcribed_v2/al_brooks_price_action_course_v2/units/video_009A_pullbacks_bar_counting_basics_high_low_1_2.md;raw:knowledge/raw/brooks/transcribed_v2/al_brooks_price_action_course_v2/units/video_009C_pullbacks_endless_higher_lower_timeframes_countertrend_exit.md;raw:knowledge/raw/brooks/transcribed_v2/al_brooks_price_action_course_v2/units/video_014E_trends_tight_channel_small_pullback.md;raw:knowledge/raw/youtube/fangfangtu/transcripts/Price_Action方方土.pdf;raw:knowledge/raw/youtube/fangfangtu/transcripts/Price_Action方方土.pdf;raw:knowledge/raw/notes/方方土视频笔记 - 回调&数K线.pdf;raw:knowledge/raw/notes/方方土视频笔记 - 市场周期.pdf,reports/strategy_lab/m10_price_action_strategy_refresh/backtest_specs/M10-PA-001.json,M12.12.daily_observation_loop,M10-PA-001,趋势回调二次入场,GOOGL,5m
2026-05-18T15:55:00,trigger_candidate,90f274b9fa00cae4c50698a80295f6a0376c3d63ab6754c068b230b60298d7c1,derived_from_5m_current,local_data/longbridge_intraday/us_GOOGL_5m_2026-05-18_2026-05-18_longbridge.csv,2026-05-18T23:58:09Z,396.1500,1.9500,398.1000,392.2500,US,20-bar breakout proxy matched; follow-through still needs bar-close observation.,eligible_for_read_only_observation,needs_read_only_bar_close_review,low,m12.scanner-candidate.v1,short,readonly_observation_candidate,raw:knowledge/raw/brooks/transcribed_v2/al_brooks_price_action_course_v2/units/video_015D_breakouts_second_leg_traps_strong_breakouts.md;raw:knowledge/raw/brooks/transcribed_v2/al_brooks_price_action_course_v2/units/video_015A_breakouts_definition_80_rule_reversal_tr.md;raw:knowledge/raw/brooks/transcribed_v2/al_brooks_price_action_course_v2/units/video_015B_breakouts_follow_through_reversal_small_start.md;raw:knowledge/raw/youtube/fangfangtu/transcripts/Price_Action方方土.pdf;raw:knowledge/raw/youtube/fangfangtu/transcripts/Price_Action方方土.pdf;raw:knowledge/raw/notes/方方土视频笔记-突破.pdf;raw:knowledge/raw/notes/方方土视频笔记-突破.pdf,reports/strategy_lab/m10_price_action_strategy_refresh/backtest_specs/M10-PA-002.json,M12.12.daily_observation_loop,M10-PA-002,突破后续跟进,GOOGL,15m
2026-05-18T15:55:00,trigger_candidate,90f274b9fa00cae4c50698a80295f6a0376c3d63ab6754c068b230b60298d7c1,native_current_session_5m_cache,local_data/longbridge_intraday/us_GOOGL_5m_2026-05-18_2026-05-18_longbridge.csv,2026-05-18T23:58:09Z,396.1500,1.3800,397.5300,393.3900,US,20-bar breakout proxy matched; follow-through still needs bar-close observation.,eligible_for_read_only_observation,needs_read_only_bar_close_review,low,m12.scanner-candidate.v1,short,readonly_observation_candidate,raw:knowledge/raw/brooks/transcribed_v2/al_brooks_price_action_course_v2/units/video_015D_breakouts_second_leg_traps_strong_breakouts.md;raw:knowledge/raw/brooks/transcribed_v2/al_brooks_price_action_course_v2/units/video_015A_breakouts_definition_80_rule_reversal_tr.md;raw:knowledge/raw/brooks/transcribed_v2/al_brooks_price_action_course_v2/units/video_015B_breakouts_follow_through_reversal_small_start.md;raw:knowledge/raw/youtube/fangfangtu/transcripts/Price_Action方方土.pdf;raw:knowledge/raw/youtube/fangfangtu/transcripts/Price_Action方方土.pdf;raw:knowledge/raw/notes/方方土视频笔记-突破.pdf;raw:knowledge/raw/notes/方方土视频笔记-突破.pdf,reports/strategy_lab/m10_price_action_strategy_refresh/backtest_specs/M10-PA-002.json,M12.12.daily_observation_loop,M10-PA-002,突破后续跟进,GOOGL,5m
2026-05-18T10:10:00,trigger_candidate,90f274b9fa00cae4c50698a80295f6a0376c3d63ab6754c068b230b60298d7c1,derived_from_5m_current,local_data/longbridge_intraday/us_GOOGL_5m_2026-05-18_2026-05-18_longbridge.csv,2026-05-18T23:58:09Z,407.1000,12.5700,394.5300,418.8600,US,"Opening range breakout proxy found in recorded local cache; observe only, no execution.",eligible_for_read_only_observation,needs_read_only_bar_close_review,high,m12.scanner-candidate.v1,long,readonly_observation_candidate,raw:knowledge/raw/brooks/transcribed_v2/al_brooks_price_action_course_v2/units/video_048D_breakout_mode_opening_range.md;raw:knowledge/raw/brooks/transcribed_v2/al_brooks_price_action_course_v2/units/video_008C_candles_ttr_ii_ioi_breakout_mode.md;raw:knowledge/raw/brooks/transcribed_v2/al_brooks_price_action_course_v2/units/video_026A_triangles_ttr_wedges_flags_reversal_or_continuation.md,reports/strategy_lab/m10_price_action_strategy_refresh/backtest_specs/M10-PA-012.json,M12.12.daily_observation_loop,M10-PA-012,开盘区间突破,GOOGL,15m
2026-05-18T10:05:00,trigger_candidate,90f274b9fa00cae4c50698a80295f6a0376c3d63ab6754c068b230b60298d7c1,native_current_session_5m_cache,local_data/longbridge_intraday/us_GOOGL_5m_2026-05-18_2026-05-18_longbridge.csv,2026-05-18T23:58:09Z,406.6150,12.0850,394.5300,418.3750,US,"Opening range breakout proxy found in recorded local cache; observe only, no execution.",eligible_for_read_only_observation,needs_read_only_bar_close_review,high,m12.scanner-candidate.v1,long,readonly_observation_candidate,raw:knowledge/raw/brooks/transcribed_v2/al_brooks_price_action_course_v2/units/video_048D_breakout_mode_opening_range.md;raw:knowledge/raw/brooks/transcribed_v2/al_brooks_price_action_course_v2/units/video_008C_candles_ttr_ii_ioi_breakout_mode.md;raw:knowledge/raw/brooks/transcribed_v2/al_brooks_price_action_course_v2/units/video_026A_triangles_ttr_wedges_flags_reversal_or_continuation.md,reports/strategy_lab/m10_price_action_strategy_refresh/backtest_specs/M10-PA-012.json,M12.12.daily_observation_loop,M10-PA-012,开盘区间突破,GOOGL,5m
2026-05-18T15:55:00,watch_candidate,3ab0976de8a437a85790287a941c37aedd4a0ef60f1ed1a7826fee17ab8bb1e1,native_current_session_5m_cache,local_data/longbridge_intraday/us_GOOG_5m_2026-05-18_2026-05-18_longbridge.csv,2026-05-18T23:58:09Z,392.3600,2.2100,394.5700,387.9400,US,Trend and pullback proxy found; requires bar-by-bar confirmation before any future status change.,eligible_for_read_only_observation,needs_read_only_bar_close_review,medium,m12.scanner-candidate.v1,short,readonly_observation_candidate,raw:knowledge/raw/brooks/transcribed_v2/al_brooks_price_action_course_v2/units/video_009A_pullbacks_bar_counting_basics_high_low_1_2.md;raw:knowledge/raw/brooks/transcribed_v2/al_brooks_price_action_course_v2/units/video_009C_pullbacks_endless_higher_lower_timeframes_countertrend_exit.md;raw:knowledge/raw/brooks/transcribed_v2/al_brooks_price_action_course_v2/units/video_014E_trends_tight_channel_small_pullback.md;raw:knowledge/raw/youtube/fangfangtu/transcripts/Price_Action方方土.pdf;raw:knowledge/raw/youtube/fangfangtu/transcripts/Price_Action方方土.pdf;raw:knowledge/raw/notes/方方土视频笔记 - 回调&数K线.pdf;raw:knowledge/raw/notes/方方土视频笔记 - 市场周期.pdf,reports/strategy_lab/m10_price_action_strategy_refresh/backtest_specs/M10-PA-001.json,M12.12.daily_observation_loop,M10-PA-001,趋势回调二次入场,GOOG,5m
2026-05-18T15:55:00,trigger_candidate,3ab0976de8a437a85790287a941c37aedd4a0ef60f1ed1a7826fee17ab8bb1e1,derived_from_5m_current,local_data/longbridge_intraday/us_GOOG_5m_2026-05-18_2026-05-18_longbridge.csv,2026-05-18T23:58:09Z,392.4400,1.9500,394.3900,388.5400,US,20-bar breakout proxy matched; follow-through still needs bar-close observation.,eligible_for_read_only_observation,needs_read_only_bar_close_review,low,m12.scanner-candidate.v1,short,readonly_observation_candidate,raw:knowledge/raw/brooks/transcribed_v2/al_brooks_price_action_course_v2/units/video_015D_breakouts_second_leg_traps_strong_breakouts.md;raw:knowledge/raw/brooks/transcribed_v2/al_brooks_price_action_course_v2/units/video_015A_breakouts_definition_80_rule_reversal_tr.md;raw:knowledge/raw/brooks/transcribed_v2/al_brooks_price_action_course_v2/units/video_015B_breakouts_follow_through_reversal_small_start.md;raw:knowledge/raw/youtube/fangfangtu/transcripts/Price_Action方方土.pdf;raw:knowledge/raw/youtube/fangfangtu/transcripts/Price_Action方方土.pdf;raw:knowledge/raw/notes/方方土视频笔记-突破.pdf;raw:knowledge/raw/notes/方方土视频笔记-突破.pdf,reports/strategy_lab/m10_price_action_strategy_refresh/backtest_specs/M10-PA-002.json,M12.12.daily_observation_loop,M10-PA-002,突破后续跟进,GOOG,15m
2026-05-18T15:55:00,trigger_candidate,3ab0976de8a437a85790287a941c37aedd4a0ef60f1ed1a7826fee17ab8bb1e1,native_current_session_5m_cache,local_data/longbridge_intraday/us_GOOG_5m_2026-05-18_2026-05-18_longbridge.csv,2026-05-18T23:58:09Z,392.4400,1.2600,393.7000,389.9200,US,20-bar breakout proxy matched; follow-through still needs bar-close observation.,eligible_for_read_only_observation,needs_read_only_bar_close_review,low,m12.scanner-candidate.v1,short,readonly_observation_candidate,raw:knowledge/raw/brooks/transcribed_v2/al_brooks_price_action_course_v2/units/video_015D_breakouts_second_leg_traps_strong_breakouts.md;raw:knowledge/raw/brooks/transcribed_v2/al_brooks_price_action_course_v2/units/video_015A_breakouts_definition_80_rule_reversal_tr.md;raw:knowledge/raw/brooks/transcribed_v2/al_brooks_price_action_course_v2/units/video_015B_breakouts_follow_through_reversal_small_start.md;raw:knowledge/raw/youtube/fangfangtu/transcripts/Price_Action方方土.pdf;raw:knowledge/raw/youtube/fangfangtu/transcripts/Price_Action方方土.pdf;raw:knowledge/raw/notes/方方土视频笔记-突破.pdf;raw:knowledge/raw/notes/方方土视频笔记-突破.pdf,reports/strategy_lab/m10_price_action_strategy_refresh/backtest_specs/M10-PA-002.json,M12.12.daily_observation_loop,M10-PA-002,突破后续跟进,GOOG,5m
2026-05-18T10:10:00,trigger_candidate,3ab0976de8a437a85790287a941c37aedd4a0ef60f1ed1a7826fee17ab8bb1e1,derived_from_5m_current,local_data/longbridge_intraday/us_GOOG_5m_2026-05-18_2026-05-18_longbridge.csv,2026-05-18T23:58:09Z,403.0800,12.1700,390.9100,414.5900,US,"Opening range breakout proxy found in recorded local cache; observe only, no execution.",eligible_for_read_only_observation,needs_read_only_bar_close_review,high,m12.scanner-candidate.v1,long,readonly_observation_candidate,raw:knowledge/raw/brooks/transcribed_v2/al_brooks_price_action_course_v2/units/video_048D_breakout_mode_opening_range.md;raw:knowledge/raw/brooks/transcribed_v2/al_brooks_price_action_course_v2/units/video_008C_candles_ttr_ii_ioi_breakout_mode.md;raw:knowledge/raw/brooks/transcribed_v2/al_brooks_price_action_course_v2/units/video_026A_triangles_ttr_wedges_flags_reversal_or_continuation.md,reports/strategy_lab/m10_price_action_strategy_refresh/backtest_specs/M10-PA-012.json,M12.12.daily_observation_loop,M10-PA-012,开盘区间突破,GOOG,15m
2026-05-18T10:05:00,trigger_candidate,3ab0976de8a437a85790287a941c37aedd4a0ef60f1ed1a7826fee17ab8bb1e1,native_current_session_5m_cache,local_data/longbridge_intraday/us_GOOG_5m_2026-05-18_2026-05-18_longbridge.csv,2026-05-18T23:58:09Z,402.6000,11.6900,390.9100,414.1100,US,"Opening range breakout proxy found in recorded local cache; observe only, no execution.",eligible_for_read_only_observation,needs_read_only_bar_close_review,high,m12.scanner-candidate.v1,long,readonly_observation_candidate,raw:knowledge/raw/brooks/transcribed_v2/al_brooks_price_action_course_v2/units/video_048D_breakout_mode_opening_range.md;raw:knowledge/raw/brooks/transcribed_v2/al_brooks_price_action_course_v2/units/video_008C_candles_ttr_ii_ioi_breakout_mode.md;raw:knowledge/raw/brooks/transcribed_v2/al_brooks_price_action_course_v2/units/video_026A_triangles_ttr_wedges_flags_reversal_or_continuation.md,reports/strategy_lab/m10_price_action_strategy_refresh/backtest_specs/M10-PA-012.json,M12.12.daily_observation_loop,M10-PA-012,开盘区间突破,GOOG,5m
2026-05-18T13:25:00,trigger_candidate,e33ff7e6e907e05168dc3a019e47a28f694c483c67cd326a864b4fd18cf0b7d9,derived_from_5m_current,local_data/longbridge_intraday/us_META_5m_2026-05-18_2026-05-18_longbridge.csv,2026-05-18T23:58:09Z,613.0500,9.3600,603.6900,621.3600,US,"Opening range breakout proxy found in recorded local cache; observe only, no execution.",eligible_for_read_only_observation,needs_read_only_bar_close_review,high,m12.scanner-candidate.v1,long,readonly_observation_candidate,raw:knowledge/raw/brooks/transcribed_v2/al_brooks_price_action_course_v2/units/video_048D_breakout_mode_opening_range.md;raw:knowledge/raw/brooks/transcribed_v2/al_brooks_price_action_course_v2/units/video_008C_candles_ttr_ii_ioi_breakout_mode.md;raw:knowledge/raw/brooks/transcribed_v2/al_brooks_price_action_course_v2/units/video_026A_triangles_ttr_wedges_flags_reversal_or_continuation.md,reports/strategy_lab/m10_price_action_strategy_refresh/backtest_specs/M10-PA-012.json,M12.12.daily_observation_loop,M10-PA-012,开盘区间突破,META,15m
2026-05-18T13:15:00,trigger_candidate,e33ff7e6e907e05168dc3a019e47a28f694c483c67cd326a864b4fd18cf0b7d9,native_current_session_5m_cache,local_data/longbridge_intraday/us_META_5m_2026-05-18_2026-05-18_longbridge.csv,2026-05-18T23:58:09Z,612.5890,8.8990,603.6900,620.8990,US,"Opening range breakout proxy found in recorded local cache; observe only, no execution.",eligible_for_read_only_observation,needs_read_only_bar_close_review,medium,m12.scanner-candidate.v1,long,readonly_observation_candidate,raw:knowledge/raw/brooks/transcribed_v2/al_brooks_price_action_course_v2/units/video_048D_breakout_mode_opening_range.md;raw:knowledge/raw/brooks/transcribed_v2/al_brooks_price_action_course_v2/units/video_008C_candles_ttr_ii_ioi_breakout_mode.md;raw:knowledge/raw/brooks/transcribed_v2/al_brooks_price_action_course_v2/units/video_026A_triangles_ttr_wedges_flags_reversal_or_continuation.md,reports/strategy_lab/m10_price_action_strategy_refresh/backtest_specs/M10-PA-012.json,M12.12.daily_observation_loop,M10-PA-012,开盘区间突破,META,5m
2026-05-18T15:55:00,watch_candidate,03894e6a3017dcd976a44772452321cbe3338efda3be1ba3f08adf1c3c7061b0,native_current_session_5m_cache,local_data/longbridge_intraday/us_TSLA_5m_2026-05-18_2026-05-18_longbridge.csv,2026-05-18T23:58:09Z,408.8800,2.0900,410.9700,404.7000,US,Trend and pullback proxy found; requires bar-by-bar confirmation before any future status change.,eligible_for_read_only_observation,needs_read_only_bar_close_review,medium,m12.scanner-candidate.v1,short,readonly_observation_candidate,raw:knowledge/raw/brooks/transcribed_v2/al_brooks_price_action_course_v2/units/video_009A_pullbacks_bar_counting_basics_high_low_1_2.md;raw:knowledge/raw/brooks/transcribed_v2/al_brooks_price_action_course_v2/units/video_009C_pullbacks_endless_higher_lower_timeframes_countertrend_exit.md;raw:knowledge/raw/brooks/transcribed_v2/al_brooks_price_action_course_v2/units/video_014E_trends_tight_channel_small_pullback.md;raw:knowledge/raw/youtube/fangfangtu/transcripts/Price_Action方方土.pdf;raw:knowledge/raw/youtube/fangfangtu/transcripts/Price_Action方方土.pdf;raw:knowledge/raw/notes/方方土视频笔记 - 回调&数K线.pdf;raw:knowledge/raw/notes/方方土视频笔记 - 市场周期.pdf,reports/strategy_lab/m10_price_action_strategy_refresh/backtest_specs/M10-PA-001.json,M12.12.daily_observation_loop,M10-PA-001,趋势回调二次入场,TSLA,5m
2026-05-18T11:10:00,trigger_candidate,03894e6a3017dcd976a44772452321cbe3338efda3be1ba3f08adf1c3c7061b0,derived_from_5m_current,local_data/longbridge_intraday/us_TSLA_5m_2026-05-18_2026-05-18_longbridge.csv,2026-05-18T23:58:09Z,410.7100,10.4200,421.1300,400.5910,US,"Opening range breakout proxy found in recorded local cache; observe only, no execution.",eligible_for_read_only_observation,needs_read_only_bar_close_review,high,m12.scanner-candidate.v1,short,readonly_observation_candidate,raw:knowledge/raw/brooks/transcribed_v2/al_brooks_price_action_course_v2/units/video_048D_breakout_mode_opening_range.md;raw:knowledge/raw/brooks/transcribed_v2/al_brooks_price_action_course_v2/units/video_008C_candles_ttr_ii_ioi_breakout_mode.md;raw:knowledge/raw/brooks/transcribed_v2/al_brooks_price_action_course_v2/units/video_026A_triangles_ttr_wedges_flags_reversal_or_continuation.md,reports/strategy_lab/m10_price_action_strategy_refresh/backtest_specs/M10-PA-012.json,M12.12.daily_observation_loop,M10-PA-012,开盘区间突破,TSLA,15m
2026-05-18T10:30:00,trigger_candidate,03894e6a3017dcd976a44772452321cbe3338efda3be1ba3f08adf1c3c7061b0,native_current_session_5m_cache,local_data/longbridge_intraday/us_TSLA_5m_2026-05-18_2026-05-18_longbridge.csv,2026-05-18T23:58:09Z,410.5200,10.6100,421.1300,400.4010,US,"Opening range breakout proxy found in recorded local cache; observe only, no execution.",eligible_for_read_only_observation,needs_read_only_bar_close_review,high,m12.scanner-candidate.v1,short,readonly_observation_candidate,raw:knowledge/raw/brooks/transcribed_v2/al_brooks_price_action_course_v2/units/video_048D_breakout_mode_opening_range.md;raw:knowledge/raw/brooks/transcribed_v2/al_brooks_price_action_course_v2/units/video_008C_candles_ttr_ii_ioi_breakout_mode.md;raw:knowledge/raw/brooks/transcribed_v2/al_brooks_price_action_course_v2/units/video_026A_triangles_ttr_wedges_flags_reversal_or_continuation.md,reports/strategy_lab/m10_price_action_strategy_refresh/backtest_specs/M10-PA-012.json,M12.12.daily_observation_loop,M10-PA-012,开盘区间突破,TSLA,5m
2026-05-18T15:55:00,watch_candidate,9f4fd0d517b1139f790eff98e6a372dbcc928e44f5ec80515b63ee7f7ac2a125,native_current_session_5m_cache,local_data/longbridge_intraday/us_AVGO_5m_2026-05-18_2026-05-18_longbridge.csv,2026-05-18T23:58:09Z,420.6300,0.9600,421.5900,418.7100,US,Trend and pullback proxy found; requires bar-by-bar confirmation before any future status change.,eligible_for_read_only_observation,needs_read_only_bar_close_review,low,m12.scanner-candidate.v1,short,readonly_observation_candidate,raw:knowledge/raw/brooks/transcribed_v2/al_brooks_price_action_course_v2/units/video_009A_pullbacks_bar_counting_basics_high_low_1_2.md;raw:knowledge/raw/brooks/transcribed_v2/al_brooks_price_action_course_v2/units/video_009C_pullbacks_endless_higher_lower_timeframes_countertrend_exit.md;raw:knowledge/raw/brooks/transcribed_v2/al_brooks_price_action_course_v2/units/video_014E_trends_tight_channel_small_pullback.md;raw:knowledge/raw/youtube/fangfangtu/transcripts/Price_Action方方土.pdf;raw:knowledge/raw/youtube/fangfangtu/transcripts/Price_Action方方土.pdf;raw:knowledge/raw/notes/方方土视频笔记 - 回调&数K线.pdf;raw:knowledge/raw/notes/方方土视频笔记 - 市场周期.pdf,reports/strategy_lab/m10_price_action_strategy_refresh/backtest_specs/M10-PA-001.json,M12.12.daily_observation_loop,M10-PA-001,趋势回调二次入场,AVGO,5m
2026-05-18T12:25:00,trigger_candidate,9f4fd0d517b1139f790eff98e6a372dbcc928e44f5ec80515b63ee7f7ac2a125,derived_from_5m_current,local_data/longbridge_intraday/us_AVGO_5m_2026-05-18_2026-05-18_longbridge.csv,2026-05-18T23:58:09Z,415.7500,6.2600,422.0100,410.0350,US,"Opening range breakout proxy found in recorded local cache; observe only, no execution.",eligible_for_read_only_observation,needs_read_only_bar_close_review,high,m12.scanner-candidate.v1,short,readonly_observation_candidate,raw:knowledge/raw/brooks/transcribed_v2/al_brooks_price_action_course_v2/units/video_048D_breakout_mode_opening_range.md;raw:knowledge/raw/brooks/transcribed_v2/al_brooks_price_action_course_v2/units/video_008C_candles_ttr_ii_ioi_breakout_mode.md;raw:knowledge/raw/brooks/transcribed_v2/al_brooks_price_action_course_v2/units/video_026A_triangles_ttr_wedges_flags_reversal_or_continuation.md,reports/strategy_lab/m10_price_action_strategy_refresh/backtest_specs/M10-PA-012.json,M12.12.daily_observation_loop,M10-PA-012,开盘区间突破,AVGO,15m
2026-05-18T10:00:00,trigger_candidate,9f4fd0d517b1139f790eff98e6a372dbcc928e44f5ec80515b63ee7f7ac2a125,native_current_session_5m_cache,local_data/longbridge_intraday/us_AVGO_5m_2026-05-18_2026-05-18_longbridge.csv,2026-05-18T23:58:09Z,415.9100,6.1000,422.0100,410.1950,US,"Opening range breakout proxy found in recorded local cache; observe only, no execution.",eligible_for_read_only_observation,needs_read_only_bar_close_review,medium,m12.scanner-candidate.v1,short,readonly_observation_candidate,raw:knowledge/raw/brooks/transcribed_v2/al_brooks_price_action_course_v2/units/video_048D_breakout_mode_opening_range.md;raw:knowledge/raw/brooks/transcribed_v2/al_brooks_price_action_course_v2/units/video_008C_candles_ttr_ii_ioi_breakout_mode.md;raw:knowledge/raw/brooks/transcribed_v2/al_brooks_price_action_course_v2/units/video_026A_triangles_ttr_wedges_flags_reversal_or_continuation.md,reports/strategy_lab/m10_price_action_strategy_refresh/backtest_specs/M10-PA-012.json,M12.12.daily_observation_loop,M10-PA-012,开盘区间突破,AVGO,5m
2026-05-18T10:25:00,trigger_candidate,e488b0965c5963426ec4a31adc1938aa4d23405a2254aa547539400aae3cbef0,derived_from_5m_current,local_data/longbridge_intraday/us_AMD_5m_2026-05-18_2026-05-18_longbridge.csv,2026-05-18T23:58:09Z,416.7600,22.0400,438.8000,400.4700,US,"Opening range breakout proxy found in recorded local cache; observe only, no execution.",eligible_for_read_only_observation,needs_read_only_bar_close_review,high,m12.scanner-candidate.v1,short,readonly_observation_candidate,raw:knowledge/raw/brooks/transcribed_v2/al_brooks_price_action_course_v2/units/video_048D_breakout_mode_opening_range.md;raw:knowledge/raw/brooks/transcribed_v2/al_brooks_price_action_course_v2/units/video_008C_candles_ttr_ii_ioi_breakout_mode.md;raw:knowledge/raw/brooks/transcribed_v2/al_brooks_price_action_course_v2/units/video_026A_triangles_ttr_wedges_flags_reversal_or_continuation.md,reports/strategy_lab/m10_price_action_strategy_refresh/backtest_specs/M10-PA-012.json,M12.12.daily_observation_loop,M10-PA-012,开盘区间突破,AMD,15m
2026-05-18T10:00:00,trigger_candidate,e488b0965c5963426ec4a31adc1938aa4d23405a2254aa547539400aae3cbef0,native_current_session_5m_cache,local_data/longbridge_intraday/us_AMD_5m_2026-05-18_2026-05-18_longbridge.csv,2026-05-18T23:58:09Z,419.2000,19.6000,438.8000,402.9100,US,"Opening range breakout proxy found in recorded local cache; observe only, no execution.",eligible_for_read_only_observation,needs_read_only_bar_close_review,high,m12.scanner-candidate.v1,short,readonly_observation_candidate,raw:knowledge/raw/brooks/transcribed_v2/al_brooks_price_action_course_v2/units/video_048D_breakout_mode_opening_range.md;raw:knowledge/raw/brooks/transcribed_v2/al_brooks_price_action_course_v2/units/video_008C_candles_ttr_ii_ioi_breakout_mode.md;raw:knowledge/raw/brooks/transcribed_v2/al_brooks_price_action_course_v2/units/video_026A_triangles_ttr_wedges_flags_reversal_or_continuation.md,reports/strategy_lab/m10_price_action_strategy_refresh/backtest_specs/M10-PA-012.json,M12.12.daily_observation_loop,M10-PA-012,开盘区间突破,AMD,5m
2026-05-18T15:55:00,watch_candidate,b9c45557c500a84f35147a83185bd48430e9a438ecab55ca5a803207b06d8175,native_current_session_5m_cache,local_data/longbridge_intraday/us_INTC_5m_2026-05-18_2026-05-18_longbridge.csv,2026-05-18T23:58:09Z,108.5000,2.1700,106.3300,112.8400,US,Trend and pullback proxy found; requires bar-by-bar confirmation before any future status change.,eligible_for_read_only_observation,needs_read_only_bar_close_review,high,m12.scanner-candidate.v1,long,readonly_observation_candidate,raw:knowledge/raw/brooks/transcribed_v2/al_brooks_price_action_course_v2/units/video_009A_pullbacks_bar_counting_basics_high_low_1_2.md;raw:knowledge/raw/brooks/transcribed_v2/al_brooks_price_action_course_v2/units/video_009C_pullbacks_endless_higher_lower_timeframes_countertrend_exit.md;raw:knowledge/raw/brooks/transcribed_v2/al_brooks_price_action_course_v2/units/video_014E_trends_tight_channel_small_pullback.md;raw:knowledge/raw/youtube/fangfangtu/transcripts/Price_Action方方土.pdf;raw:knowledge/raw/youtube/fangfangtu/transcripts/Price_Action方方土.pdf;raw:knowledge/raw/notes/方方土视频笔记 - 回调&数K线.pdf;raw:knowledge/raw/notes/方方土视频笔记 - 市场周期.pdf,reports/strategy_lab/m10_price_action_strategy_refresh/backtest_specs/M10-PA-001.json,M12.12.daily_observation_loop,M10-PA-001,趋势回调二次入场,INTC,5m
2026-05-18T10:25:00,trigger_candidate,b9c45557c500a84f35147a83185bd48430e9a438ecab55ca5a803207b06d8175,derived_from_5m_current,local_data/longbridge_intraday/us_INTC_5m_2026-05-18_2026-05-18_longbridge.csv,2026-05-18T23:58:09Z,107.4300,8.1000,115.5300,100.1810,US,"Opening range breakout proxy found in recorded local cache; observe only, no execution.",eligible_for_read_only_observation,needs_read_only_bar_close_review,high,m12.scanner-candidate.v1,short,readonly_observation_candidate,raw:knowledge/raw/brooks/transcribed_v2/al_brooks_price_action_course_v2/units/video_048D_breakout_mode_opening_range.md;raw:knowledge/raw/brooks/transcribed_v2/al_brooks_price_action_course_v2/units/video_008C_candles_ttr_ii_ioi_breakout_mode.md;raw:knowledge/raw/brooks/transcribed_v2/al_brooks_price_action_course_v2/units/video_026A_triangles_ttr_wedges_flags_reversal_or_continuation.md,reports/strategy_lab/m10_price_action_strategy_refresh/backtest_specs/M10-PA-012.json,M12.12.daily_observation_loop,M10-PA-012,开盘区间突破,INTC,15m
2026-05-18T10:00:00,trigger_candidate,b9c45557c500a84f35147a83185bd48430e9a438ecab55ca5a803207b06d8175,native_current_session_5m_cache,local_data/longbridge_intraday/us_INTC_5m_2026-05-18_2026-05-18_longbridge.csv,2026-05-18T23:58:09Z,107.6350,7.8950,115.5300,100.3860,US,"Opening range breakout proxy found in recorded local cache; observe only, no execution.",eligible_for_read_only_observation,needs_read_only_bar_close_review,high,m12.scanner-candidate.v1,short,readonly_observation_candidate,raw:knowledge/raw/brooks/transcribed_v2/al_brooks_price_action_course_v2/units/video_048D_breakout_mode_opening_range.md;raw:knowledge/raw/brooks/transcribed_v2/al_brooks_price_action_course_v2/units/video_008C_candles_ttr_ii_ioi_breakout_mode.md;raw:knowledge/raw/brooks/transcribed_v2/al_brooks_price_action_course_v2/units/video_026A_triangles_ttr_wedges_flags_reversal_or_continuation.md,reports/strategy_lab/m10_price_action_strategy_refresh/backtest_specs/M10-PA-012.json,M12.12.daily_observation_loop,M10-PA-012,开盘区间突破,INTC,5m
2026-05-18T10:25:00,trigger_candidate,06fe86a484228175e217d29f076c798e9fe57b4200cf5ae6091f75546b2ab8a9,derived_from_5m_current,local_data/longbridge_intraday/us_MU_5m_2026-05-18_2026-05-18_longbridge.csv,2026-05-18T23:58:09Z,708.5800,48.0600,756.6400,672.2500,US,"Opening range breakout proxy found in recorded local cache; observe only, no execution.",eligible_for_read_only_observation,needs_read_only_bar_close_review,high,m12.scanner-candidate.v1,short,readonly_observation_candidate,raw:knowledge/raw/brooks/transcribed_v2/al_brooks_price_action_course_v2/units/video_048D_breakout_mode_opening_range.md;raw:knowledge/raw/brooks/transcribed_v2/al_brooks_price_action_course_v2/units/video_008C_candles_ttr_ii_ioi_breakout_mode.md;raw:knowledge/raw/brooks/transcribed_v2/al_brooks_price_action_course_v2/units/video_026A_triangles_ttr_wedges_flags_reversal_or_continuation.md,reports/strategy_lab/m10_price_action_strategy_refresh/backtest_specs/M10-PA-012.json,M12.12.daily_observation_loop,M10-PA-012,开盘区间突破,MU,15m
2026-05-18T10:00:00,trigger_candidate,06fe86a484228175e217d29f076c798e9fe57b4200cf5ae6091f75546b2ab8a9,native_current_session_5m_cache,local_data/longbridge_intraday/us_MU_5m_2026-05-18_2026-05-18_longbridge.csv,2026-05-18T23:58:09Z,714.3500,42.2900,756.6400,678.0200,US,"Opening range breakout proxy found in recorded local cache; observe only, no execution.",eligible_for_read_only_observation,needs_read_only_bar_close_review,high,m12.scanner-candidate.v1,short,readonly_observation_candidate,raw:knowledge/raw/brooks/transcribed_v2/al_brooks_price_action_course_v2/units/video_048D_breakout_mode_opening_range.md;raw:knowledge/raw/brooks/transcribed_v2/al_brooks_price_action_course_v2/units/video_008C_candles_ttr_ii_ioi_breakout_mode.md;raw:knowledge/raw/brooks/transcribed_v2/al_brooks_price_action_course_v2/units/video_026A_triangles_ttr_wedges_flags_reversal_or_continuation.md,reports/strategy_lab/m10_price_action_strategy_refresh/backtest_specs/M10-PA-012.json,M12.12.daily_observation_loop,M10-PA-012,开盘区间突破,MU,5m
2026-05-18T10:25:00,trigger_candidate,a3e47dfbbc37e15b3a3dfc2c93696b25bcd70650d4f26d37ad4090ffff2affe7,derived_from_5m_current,local_data/longbridge_intraday/us_QCOM_5m_2026-05-18_2026-05-18_longbridge.csv,2026-05-18T23:58:09Z,196.6400,14.0400,210.6800,183.9600,US,"Opening range breakout proxy found in recorded local cache; observe only, no execution.",eligible_for_read_only_observation,needs_read_only_bar_close_review,high,m12.scanner-candidate.v1,short,readonly_observation_candidate,raw:knowledge/raw/brooks/transcribed_v2/al_brooks_price_action_course_v2/units/video_048D_breakout_mode_opening_range.md;raw:knowledge/raw/brooks/transcribed_v2/al_brooks_price_action_course_v2/units/video_008C_candles_ttr_ii_ioi_breakout_mode.md;raw:knowledge/raw/brooks/transcribed_v2/al_brooks_price_action_course_v2/units/video_026A_triangles_ttr_wedges_flags_reversal_or_continuation.md,reports/strategy_lab/m10_price_action_strategy_refresh/backtest_specs/M10-PA-012.json,M12.12.daily_observation_loop,M10-PA-012,开盘区间突破,QCOM,15m
2026-05-18T10:20:00,trigger_candidate,a3e47dfbbc37e15b3a3dfc2c93696b25bcd70650d4f26d37ad4090ffff2affe7,native_current_session_5m_cache,local_data/longbridge_intraday/us_QCOM_5m_2026-05-18_2026-05-18_longbridge.csv,2026-05-18T23:58:09Z,197.2950,13.3850,210.6800,184.6150,US,"Opening range breakout proxy found in recorded local cache; observe only, no execution.",eligible_for_read_only_observation,needs_read_only_bar_close_review,high,m12.scanner-candidate.v1,short,readonly_observation_candidate,raw:knowledge/raw/brooks/transcribed_v2/al_brooks_price_action_course_v2/units/video_048D_breakout_mode_opening_range.md;raw:knowledge/raw/brooks/transcribed_v2/al_brooks_price_action_course_v2/units/video_008C_candles_ttr_ii_ioi_breakout_mode.md;raw:knowledge/raw/brooks/transcribed_v2/al_brooks_price_action_course_v2/units/video_026A_triangles_ttr_wedges_flags_reversal_or_continuation.md,reports/strategy_lab/m10_price_action_strategy_refresh/backtest_specs/M10-PA-012.json,M12.12.daily_observation_loop,M10-PA-012,开盘区间突破,QCOM,5m
2026-05-18T14:55:00,trigger_candidate,71c0a0d1a2531a65d26cdcd40cd75f45b678697b6e6043dc642d64dda161d573,derived_from_5m_current,local_data/longbridge_intraday/us_ORCL_5m_2026-05-18_2026-05-18_longbridge.csv,2026-05-18T23:58:09Z,183.6700,7.0900,190.7600,176.7800,US,"Opening range breakout proxy found in recorded local cache; observe only, no execution.",eligible_for_read_only_observation,needs_read_only_bar_close_review,high,m12.scanner-candidate.v1,short,readonly_observation_candidate,raw:knowledge/raw/brooks/transcribed_v2/al_brooks_price_action_course_v2/units/video_048D_breakout_mode_opening_range.md;raw:knowledge/raw/brooks/transcribed_v2/al_brooks_price_action_course_v2/units/video_008C_candles_ttr_ii_ioi_breakout_mode.md;raw:knowledge/raw/brooks/transcribed_v2/al_brooks_price_action_course_v2/units/video_026A_triangles_ttr_wedges_flags_reversal_or_continuation.md,reports/strategy_lab/m10_price_action_strategy_refresh/backtest_specs/M10-PA-012.json,M12.12.daily_observation_loop,M10-PA-012,开盘区间突破,ORCL,15m
2026-05-18T14:45:00,trigger_candidate,71c0a0d1a2531a65d26cdcd40cd75f45b678697b6e6043dc642d64dda161d573,native_current_session_5m_cache,local_data/longbridge_intraday/us_ORCL_5m_2026-05-18_2026-05-18_longbridge.csv,2026-05-18T23:58:09Z,183.5850,7.1750,190.7600,176.6950,US,"Opening range breakout proxy found in recorded local cache; observe only, no execution.",eligible_for_read_only_observation,needs_read_only_bar_close_review,high,m12.scanner-candidate.v1,short,readonly_observation_candidate,raw:knowledge/raw/brooks/transcribed_v2/al_brooks_price_action_course_v2/units/video_048D_breakout_mode_opening_range.md;raw:knowledge/raw/brooks/transcribed_v2/al_brooks_price_action_course_v2/units/video_008C_candles_ttr_ii_ioi_breakout_mode.md;raw:knowledge/raw/brooks/transcribed_v2/al_brooks_price_action_course_v2/units/video_026A_triangles_ttr_wedges_flags_reversal_or_continuation.md,reports/strategy_lab/m10_price_action_strategy_refresh/backtest_specs/M10-PA-012.json,M12.12.daily_observation_loop,M10-PA-012,开盘区间突破,ORCL,5m
2026-05-18T16:00:00-04:00,trigger_candidate,569b2569b8728acfaba89b2f94ea23e642affdd90fafb597fe39be10f6e0ad71,native_daily_cache,local_data/longbridge_history/us_ORCL_1d_2010-06-29_2026-05-18_longbridge.csv,2026-05-18T23:58:09Z,187.68,3.08,190.76,181.52,US,日线市场周期和信号K确认同时出现；只做模拟观察。,eligible_for_read_only_observation,needs_read_only_bar_close_review,medium,m12.daily-candidate.v1,short,readonly_observation_candidate,wiki:knowledge/wiki/sources/fangfangtu-market-cycle-note.md;raw:knowledge/raw/notes/方方土视频笔记 - 市场周期.pdf;wiki:knowledge/wiki/sources/fangfangtu-signal-bar-entry-note.md;raw:knowledge/raw/notes/方方土视频笔记 - 信号K线 & 入场.pdf,reports/strategy_lab/m10_price_action_strategy_refresh/daily_observation/m12_12_loop/m12_12_formal_daily_strategy_spec.json,M12.12.daily_observation_loop,M12-FTD-001,方方土日线趋势顺势信号K,ORCL,1d
2026-05-18T10:25:00,trigger_candidate,8080e9aedbccb4d38079bdd002c5bbdb736d0a403ccfca5745273a728c10acf9,derived_from_5m_current,local_data/longbridge_intraday/us_CRM_5m_2026-05-18_2026-05-18_longbridge.csv,2026-05-18T23:58:09Z,180.4300,8.4600,171.9700,188.1300,US,"Opening range breakout proxy found in recorded local cache; observe only, no execution.",eligible_for_read_only_observation,needs_read_only_bar_close_review,high,m12.scanner-candidate.v1,long,readonly_observation_candidate,raw:knowledge/raw/brooks/transcribed_v2/al_brooks_price_action_course_v2/units/video_048D_breakout_mode_opening_range.md;raw:knowledge/raw/brooks/transcribed_v2/al_brooks_price_action_course_v2/units/video_008C_candles_ttr_ii_ioi_breakout_mode.md;raw:knowledge/raw/brooks/transcribed_v2/al_brooks_price_action_course_v2/units/video_026A_triangles_ttr_wedges_flags_reversal_or_continuation.md,reports/strategy_lab/m10_price_action_strategy_refresh/backtest_specs/M10-PA-012.json,M12.12.daily_observation_loop,M10-PA-012,开盘区间突破,CRM,15m
2026-05-18T10:00:00,trigger_candidate,8080e9aedbccb4d38079bdd002c5bbdb736d0a403ccfca5745273a728c10acf9,native_current_session_5m_cache,local_data/longbridge_intraday/us_CRM_5m_2026-05-18_2026-05-18_longbridge.csv,2026-05-18T23:58:09Z,179.6870,7.7170,171.9700,187.3870,US,"Opening range breakout proxy found in recorded local cache; observe only, no execution.",eligible_for_read_only_observation,needs_read_only_bar_close_review,high,m12.scanner-candidate.v1,long,readonly_observation_candidate,raw:knowledge/raw/brooks/transcribed_v2/al_brooks_price_action_course_v2/units/video_048D_breakout_mode_opening_range.md;raw:knowledge/raw/brooks/transcribed_v2/al_brooks_price_action_course_v2/units/video_008C_candles_ttr_ii_ioi_breakout_mode.md;raw:knowledge/raw/brooks/transcribed_v2/al_brooks_price_action_course_v2/units/video_026A_triangles_ttr_wedges_flags_reversal_or_continuation.md,reports/strategy_lab/m10_price_action_strategy_refresh/backtest_specs/M10-PA-012.json,M12.12.daily_observation_loop,M10-PA-012,开盘区间突破,CRM,5m
2026-05-18T10:10:00,trigger_candidate,6f969f08f061b880ee5bdecbbed1aac3d60ed2fd087f7299862fd6f0c74dc8ca,derived_from_5m_current,local_data/longbridge_intraday/us_ADBE_5m_2026-05-18_2026-05-18_longbridge.csv,2026-05-18T23:58:09Z,252.5100,7.2700,245.2400,258.3300,US,"Opening range breakout proxy found in recorded local cache; observe only, no execution.",eligible_for_read_only_observation,needs_read_only_bar_close_review,high,m12.scanner-candidate.v1,long,readonly_observation_candidate,raw:knowledge/raw/brooks/transcribed_v2/al_brooks_price_action_course_v2/units/video_048D_breakout_mode_opening_range.md;raw:knowledge/raw/brooks/transcribed_v2/al_brooks_price_action_course_v2/units/video_008C_candles_ttr_ii_ioi_breakout_mode.md;raw:knowledge/raw/brooks/transcribed_v2/al_brooks_price_action_course_v2/units/video_026A_triangles_ttr_wedges_flags_reversal_or_continuation.md,reports/strategy_lab/m10_price_action_strategy_refresh/backtest_specs/M10-PA-012.json,M12.12.daily_observation_loop,M10-PA-012,开盘区间突破,ADBE,15m
2026-05-18T10:00:00,trigger_candidate,6f969f08f061b880ee5bdecbbed1aac3d60ed2fd087f7299862fd6f0c74dc8ca,native_current_session_5m_cache,local_data/longbridge_intraday/us_ADBE_5m_2026-05-18_2026-05-18_longbridge.csv,2026-05-18T23:58:09Z,251.3700,6.1300,245.2400,257.1900,US,"Opening range breakout proxy found in recorded local cache; observe only, no execution.",eligible_for_read_only_observation,needs_read_only_bar_close_review,high,m12.scanner-candidate.v1,long,readonly_observation_candidate,raw:knowledge/raw/brooks/transcribed_v2/al_brooks_price_action_course_v2/units/video_048D_breakout_mode_opening_range.md;raw:knowledge/raw/brooks/transcribed_v2/al_brooks_price_action_course_v2/units/video_008C_candles_ttr_ii_ioi_breakout_mode.md;raw:knowledge/raw/brooks/transcribed_v2/al_brooks_price_action_course_v2/units/video_026A_triangles_ttr_wedges_flags_reversal_or_continuation.md,reports/strategy_lab/m10_price_action_strategy_refresh/backtest_specs/M10-PA-012.json,M12.12.daily_observation_loop,M10-PA-012,开盘区间突破,ADBE,5m
2026-05-18T10:10:00,trigger_candidate,47442ccb4f68b9b82029e5c23221f598edab5c3177ac24c366e842c221fb0913,derived_from_5m_current,local_data/longbridge_intraday/us_NOW_5m_2026-05-18_2026-05-18_longbridge.csv,2026-05-18T23:58:09Z,102.8050,4.9550,97.8500,107.0750,US,"Opening range breakout proxy found in recorded local cache; observe only, no execution.",eligible_for_read_only_observation,needs_read_only_bar_close_review,high,m12.scanner-candidate.v1,long,readonly_observation_candidate,raw:knowledge/raw/brooks/transcribed_v2/al_brooks_price_action_course_v2/units/video_048D_breakout_mode_opening_range.md;raw:knowledge/raw/brooks/transcribed_v2/al_brooks_price_action_course_v2/units/video_008C_candles_ttr_ii_ioi_breakout_mode.md;raw:knowledge/raw/brooks/transcribed_v2/al_brooks_price_action_course_v2/units/video_026A_triangles_ttr_wedges_flags_reversal_or_continuation.md,reports/strategy_lab/m10_price_action_strategy_refresh/backtest_specs/M10-PA-012.json,M12.12.daily_observation_loop,M10-PA-012,开盘区间突破,NOW,15m
2026-05-18T10:00:00,trigger_candidate,47442ccb4f68b9b82029e5c23221f598edab5c3177ac24c366e842c221fb0913,native_current_session_5m_cache,local_data/longbridge_intraday/us_NOW_5m_2026-05-18_2026-05-18_longbridge.csv,2026-05-18T23:58:09Z,102.5190,4.6690,97.8500,106.7890,US,"Opening range breakout proxy found in recorded local cache; observe only, no execution.",eligible_for_read_only_observation,needs_read_only_bar_close_review,high,m12.scanner-candidate.v1,long,readonly_observation_candidate,raw:knowledge/raw/brooks/transcribed_v2/al_brooks_price_action_course_v2/units/video_048D_breakout_mode_opening_range.md;raw:knowledge/raw/brooks/transcribed_v2/al_brooks_price_action_course_v2/units/video_008C_candles_ttr_ii_ioi_breakout_mode.md;raw:knowledge/raw/brooks/transcribed_v2/al_brooks_price_action_course_v2/units/video_026A_triangles_ttr_wedges_flags_reversal_or_continuation.md,reports/strategy_lab/m10_price_action_strategy_refresh/backtest_specs/M10-PA-012.json,M12.12.daily_observation_loop,M10-PA-012,开盘区间突破,NOW,5m
2026-05-18T13:55:00,trigger_candidate,48224010eed52a160ec4ee6b89e370388a23a63ef1f2e75439cabdf589ab4a50,derived_from_5m_current,local_data/longbridge_intraday/us_SNOW_5m_2026-05-18_2026-05-18_longbridge.csv,2026-05-18T23:58:09Z,165.0700,9.8000,155.2700,174.4200,US,"Opening range breakout proxy found in recorded local cache; observe only, no execution.",eligible_for_read_only_observation,needs_read_only_bar_close_review,high,m12.scanner-candidate.v1,long,readonly_observation_candidate,raw:knowledge/raw/brooks/transcribed_v2/al_brooks_price_action_course_v2/units/video_048D_breakout_mode_opening_range.md;raw:knowledge/raw/brooks/transcribed_v2/al_brooks_price_action_course_v2/units/video_008C_candles_ttr_ii_ioi_breakout_mode.md;raw:knowledge/raw/brooks/transcribed_v2/al_brooks_price_action_course_v2/units/video_026A_triangles_ttr_wedges_flags_reversal_or_continuation.md,reports/strategy_lab/m10_price_action_strategy_refresh/backtest_specs/M10-PA-012.json,M12.12.daily_observation_loop,M10-PA-012,开盘区间突破,SNOW,15m
2026-05-18T13:45:00,trigger_candidate,48224010eed52a160ec4ee6b89e370388a23a63ef1f2e75439cabdf589ab4a50,native_current_session_5m_cache,local_data/longbridge_intraday/us_SNOW_5m_2026-05-18_2026-05-18_longbridge.csv,2026-05-18T23:58:09Z,164.6600,9.3900,155.2700,174.0100,US,"Opening range breakout proxy found in recorded local cache; observe only, no execution.",eligible_for_read_only_observation,needs_read_only_bar_close_review,high,m12.scanner-candidate.v1,long,readonly_observation_candidate,raw:knowledge/raw/brooks/transcribed_v2/al_brooks_price_action_course_v2/units/video_048D_breakout_mode_opening_range.md;raw:knowledge/raw/brooks/transcribed_v2/al_brooks_price_action_course_v2/units/video_008C_candles_ttr_ii_ioi_breakout_mode.md;raw:knowledge/raw/brooks/transcribed_v2/al_brooks_price_action_course_v2/units/video_026A_triangles_ttr_wedges_flags_reversal_or_continuation.md,reports/strategy_lab/m10_price_action_strategy_refresh/backtest_specs/M10-PA-012.json,M12.12.daily_observation_loop,M10-PA-012,开盘区间突破,SNOW,5m
2026-05-18T16:00:00-04:00,watch_candidate,11c05e08d8938e1cab02ef7c2b51ca56b579fff5b1ab87041030b74381999a5e,native_daily_cache,local_data/longbridge_history/us_PLTR_1d_2010-06-29_2026-05-18_longbridge.csv,2026-05-18T23:58:09Z,131.3300,9.6200,140.9500,112.0900,US,Trend and pullback proxy found; requires bar-by-bar confirmation before any future status change.,eligible_for_read_only_observation,needs_read_only_bar_close_review,high,m12.scanner-candidate.v1,short,readonly_observation_candidate,raw:knowledge/raw/brooks/transcribed_v2/al_brooks_price_action_course_v2/units/video_009A_pullbacks_bar_counting_basics_high_low_1_2.md;raw:knowledge/raw/brooks/transcribed_v2/al_brooks_price_action_course_v2/units/video_009C_pullbacks_endless_higher_lower_timeframes_countertrend_exit.md;raw:knowledge/raw/brooks/transcribed_v2/al_brooks_price_action_course_v2/units/video_014E_trends_tight_channel_small_pullback.md;raw:knowledge/raw/youtube/fangfangtu/transcripts/Price_Action方方土.pdf;raw:knowledge/raw/youtube/fangfangtu/transcripts/Price_Action方方土.pdf;raw:knowledge/raw/notes/方方土视频笔记 - 回调&数K线.pdf;raw:knowledge/raw/notes/方方土视频笔记 - 市场周期.pdf,reports/strategy_lab/m10_price_action_strategy_refresh/backtest_specs/M10-PA-001.json,M12.12.daily_observation_loop,M10-PA-001,趋势回调二次入场,PLTR,1d
2026-05-18T10:10:00,trigger_candidate,44c32cba0481eb6c63a9fd80e2bdd904ae2944f71944ec3ed3ee0d0af1dccaaf,derived_from_5m_current,local_data/longbridge_intraday/us_PLTR_5m_2026-05-18_2026-05-18_longbridge.csv,2026-05-18T23:58:09Z,135.2150,3.8850,131.3300,139.0150,US,"Opening range breakout proxy found in recorded local cache; observe only, no execution.",eligible_for_read_only_observation,needs_read_only_bar_close_review,high,m12.scanner-candidate.v1,long,readonly_observation_candidate,raw:knowledge/raw/brooks/transcribed_v2/al_brooks_price_action_course_v2/units/video_048D_breakout_mode_opening_range.md;raw:knowledge/raw/brooks/transcribed_v2/al_brooks_price_action_course_v2/units/video_008C_candles_ttr_ii_ioi_breakout_mode.md;raw:knowledge/raw/brooks/transcribed_v2/al_brooks_price_action_course_v2/units/video_026A_triangles_ttr_wedges_flags_reversal_or_continuation.md,reports/strategy_lab/m10_price_action_strategy_refresh/backtest_specs/M10-PA-012.json,M12.12.daily_observation_loop,M10-PA-012,开盘区间突破,PLTR,15m
2026-05-18T10:00:00,trigger_candidate,44c32cba0481eb6c63a9fd80e2bdd904ae2944f71944ec3ed3ee0d0af1dccaaf,native_current_session_5m_cache,local_data/longbridge_intraday/us_PLTR_5m_2026-05-18_2026-05-18_longbridge.csv,2026-05-18T23:58:09Z,135.2200,3.8900,131.3300,139.0200,US,"Opening range breakout proxy found in recorded local cache; observe only, no execution.",eligible_for_read_only_observation,needs_read_only_bar_close_review,high,m12.scanner-candidate.v1,long,readonly_observation_candidate,raw:knowledge/raw/brooks/transcribed_v2/al_brooks_price_action_course_v2/units/video_048D_breakout_mode_opening_range.md;raw:knowledge/raw/brooks/transcribed_v2/al_brooks_price_action_course_v2/units/video_008C_candles_ttr_ii_ioi_breakout_mode.md;raw:knowledge/raw/brooks/transcribed_v2/al_brooks_price_action_course_v2/units/video_026A_triangles_ttr_wedges_flags_reversal_or_continuation.md,reports/strategy_lab/m10_price_action_strategy_refresh/backtest_specs/M10-PA-012.json,M12.12.daily_observation_loop,M10-PA-012,开盘区间突破,PLTR,5m
2026-05-18T10:10:00,trigger_candidate,b1b276f0dc6e6e3defd27c034dbd0117d8d5f2d114b9c526036b48ff77870467,derived_from_5m_current,local_data/longbridge_intraday/us_PANW_5m_2026-05-18_2026-05-18_longbridge.csv,2026-05-18T23:58:09Z,247.2700,11.4600,235.8100,256.1600,US,"Opening range breakout proxy found in recorded local cache; observe only, no execution.",eligible_for_read_only_observation,needs_read_only_bar_close_review,high,m12.scanner-candidate.v1,long,readonly_observation_candidate,raw:knowledge/raw/brooks/transcribed_v2/al_brooks_price_action_course_v2/units/video_048D_breakout_mode_opening_range.md;raw:knowledge/raw/brooks/transcribed_v2/al_brooks_price_action_course_v2/units/video_008C_candles_ttr_ii_ioi_breakout_mode.md;raw:knowledge/raw/brooks/transcribed_v2/al_brooks_price_action_course_v2/units/video_026A_triangles_ttr_wedges_flags_reversal_or_continuation.md,reports/strategy_lab/m10_price_action_strategy_refresh/backtest_specs/M10-PA-012.json,M12.12.daily_observation_loop,M10-PA-012,开盘区间突破,PANW,15m
2026-05-18T10:00:00,trigger_candidate,b1b276f0dc6e6e3defd27c034dbd0117d8d5f2d114b9c526036b48ff77870467,native_current_session_5m_cache,local_data/longbridge_intraday/us_PANW_5m_2026-05-18_2026-05-18_longbridge.csv,2026-05-18T23:58:09Z,245.5000,9.6900,235.8100,254.3900,US,"Opening range breakout proxy found in recorded local cache; observe only, no execution.",eligible_for_read_only_observation,needs_read_only_bar_close_review,high,m12.scanner-candidate.v1,long,readonly_observation_candidate,raw:knowledge/raw/brooks/transcribed_v2/al_brooks_price_action_course_v2/units/video_048D_breakout_mode_opening_range.md;raw:knowledge/raw/brooks/transcribed_v2/al_brooks_price_action_course_v2/units/video_008C_candles_ttr_ii_ioi_breakout_mode.md;raw:knowledge/raw/brooks/transcribed_v2/al_brooks_price_action_course_v2/units/video_026A_triangles_ttr_wedges_flags_reversal_or_continuation.md,reports/strategy_lab/m10_price_action_strategy_refresh/backtest_specs/M10-PA-012.json,M12.12.daily_observation_loop,M10-PA-012,开盘区间突破,PANW,5m
