bar_timestamp,candidate_status,data_checksum,data_lineage,data_path,generated_at,hypothetical_entry_price,hypothetical_risk_per_share,hypothetical_stop_price,hypothetical_target_price,market,notes,queue_action,review_status,risk_level,schema_version,signal_direction,simulated_context,source_refs,spec_ref,stage,strategy_id,strategy_title,symbol,timeframe
2026-05-21T13:10:00,trigger_candidate,644eb85a9d51960a85bfdc13c35252700bc3ed3d786047002ca6e3ac8b55cb1e,derived_from_5m_current,local_data/longbridge_intraday/us_SPY_5m_2026-05-21_2026-05-21_longbridge.csv,2026-05-21T23:58:16Z,740.4500,3.0350,737.4150,743.1750,US,"Opening range breakout proxy found in recorded local cache; observe only, no execution.",eligible_for_read_only_observation,needs_read_only_bar_close_review,low,m12.scanner-candidate.v1,long,readonly_observation_candidate,raw:knowledge/raw/brooks/transcribed_v2/al_brooks_price_action_course_v2/units/video_048D_breakout_mode_opening_range.md;raw:knowledge/raw/brooks/transcribed_v2/al_brooks_price_action_course_v2/units/video_008C_candles_ttr_ii_ioi_breakout_mode.md;raw:knowledge/raw/brooks/transcribed_v2/al_brooks_price_action_course_v2/units/video_026A_triangles_ttr_wedges_flags_reversal_or_continuation.md,reports/strategy_lab/m10_price_action_strategy_refresh/backtest_specs/M10-PA-012.json,M12.12.daily_observation_loop,M10-PA-012,开盘区间突破,SPY,15m
2026-05-21T10:05:00,trigger_candidate,644eb85a9d51960a85bfdc13c35252700bc3ed3d786047002ca6e3ac8b55cb1e,native_current_session_5m_cache,local_data/longbridge_intraday/us_SPY_5m_2026-05-21_2026-05-21_longbridge.csv,2026-05-21T23:58:16Z,740.3900,2.9750,737.4150,743.1150,US,"Opening range breakout proxy found in recorded local cache; observe only, no execution.",eligible_for_read_only_observation,needs_read_only_bar_close_review,low,m12.scanner-candidate.v1,long,readonly_observation_candidate,raw:knowledge/raw/brooks/transcribed_v2/al_brooks_price_action_course_v2/units/video_048D_breakout_mode_opening_range.md;raw:knowledge/raw/brooks/transcribed_v2/al_brooks_price_action_course_v2/units/video_008C_candles_ttr_ii_ioi_breakout_mode.md;raw:knowledge/raw/brooks/transcribed_v2/al_brooks_price_action_course_v2/units/video_026A_triangles_ttr_wedges_flags_reversal_or_continuation.md,reports/strategy_lab/m10_price_action_strategy_refresh/backtest_specs/M10-PA-012.json,M12.12.daily_observation_loop,M10-PA-012,开盘区间突破,SPY,5m
2026-05-21T13:10:00,trigger_candidate,f0e4d12cb76a4c0a496654b5fcf818d37841a05f4d7924fc9244187764e2620c,derived_from_5m_current,local_data/longbridge_intraday/us_QQQ_5m_2026-05-21_2026-05-21_longbridge.csv,2026-05-21T23:58:16Z,712.0400,4.1000,707.9400,715.4500,US,"Opening range breakout proxy found in recorded local cache; observe only, no execution.",eligible_for_read_only_observation,needs_read_only_bar_close_review,medium,m12.scanner-candidate.v1,long,readonly_observation_candidate,raw:knowledge/raw/brooks/transcribed_v2/al_brooks_price_action_course_v2/units/video_048D_breakout_mode_opening_range.md;raw:knowledge/raw/brooks/transcribed_v2/al_brooks_price_action_course_v2/units/video_008C_candles_ttr_ii_ioi_breakout_mode.md;raw:knowledge/raw/brooks/transcribed_v2/al_brooks_price_action_course_v2/units/video_026A_triangles_ttr_wedges_flags_reversal_or_continuation.md,reports/strategy_lab/m10_price_action_strategy_refresh/backtest_specs/M10-PA-012.json,M12.12.daily_observation_loop,M10-PA-012,开盘区间突破,QQQ,15m
2026-05-21T10:05:00,trigger_candidate,f0e4d12cb76a4c0a496654b5fcf818d37841a05f4d7924fc9244187764e2620c,native_current_session_5m_cache,local_data/longbridge_intraday/us_QQQ_5m_2026-05-21_2026-05-21_longbridge.csv,2026-05-21T23:58:16Z,711.4650,3.5250,707.9400,714.8750,US,"Opening range breakout proxy found in recorded local cache; observe only, no execution.",eligible_for_read_only_observation,needs_read_only_bar_close_review,low,m12.scanner-candidate.v1,long,readonly_observation_candidate,raw:knowledge/raw/brooks/transcribed_v2/al_brooks_price_action_course_v2/units/video_048D_breakout_mode_opening_range.md;raw:knowledge/raw/brooks/transcribed_v2/al_brooks_price_action_course_v2/units/video_008C_candles_ttr_ii_ioi_breakout_mode.md;raw:knowledge/raw/brooks/transcribed_v2/al_brooks_price_action_course_v2/units/video_026A_triangles_ttr_wedges_flags_reversal_or_continuation.md,reports/strategy_lab/m10_price_action_strategy_refresh/backtest_specs/M10-PA-012.json,M12.12.daily_observation_loop,M10-PA-012,开盘区间突破,QQQ,5m
2026-05-21T10:10:00,trigger_candidate,9e68765bdbf23a42d686f572a468cd3ac4349989a7732310cbd43c23f89b5073,derived_from_5m_current,local_data/longbridge_intraday/us_IWM_5m_2026-05-21_2026-05-21_longbridge.csv,2026-05-21T23:58:16Z,280.8400,3.6900,277.1500,284.2700,US,"Opening range breakout proxy found in recorded local cache; observe only, no execution.",eligible_for_read_only_observation,needs_read_only_bar_close_review,medium,m12.scanner-candidate.v1,long,readonly_observation_candidate,raw:knowledge/raw/brooks/transcribed_v2/al_brooks_price_action_course_v2/units/video_048D_breakout_mode_opening_range.md;raw:knowledge/raw/brooks/transcribed_v2/al_brooks_price_action_course_v2/units/video_008C_candles_ttr_ii_ioi_breakout_mode.md;raw:knowledge/raw/brooks/transcribed_v2/al_brooks_price_action_course_v2/units/video_026A_triangles_ttr_wedges_flags_reversal_or_continuation.md,reports/strategy_lab/m10_price_action_strategy_refresh/backtest_specs/M10-PA-012.json,M12.12.daily_observation_loop,M10-PA-012,开盘区间突破,IWM,15m
2026-05-21T10:00:00,trigger_candidate,9e68765bdbf23a42d686f572a468cd3ac4349989a7732310cbd43c23f89b5073,native_current_session_5m_cache,local_data/longbridge_intraday/us_IWM_5m_2026-05-21_2026-05-21_longbridge.csv,2026-05-21T23:58:16Z,280.6100,3.4600,277.1500,284.0400,US,"Opening range breakout proxy found in recorded local cache; observe only, no execution.",eligible_for_read_only_observation,needs_read_only_bar_close_review,medium,m12.scanner-candidate.v1,long,readonly_observation_candidate,raw:knowledge/raw/brooks/transcribed_v2/al_brooks_price_action_course_v2/units/video_048D_breakout_mode_opening_range.md;raw:knowledge/raw/brooks/transcribed_v2/al_brooks_price_action_course_v2/units/video_008C_candles_ttr_ii_ioi_breakout_mode.md;raw:knowledge/raw/brooks/transcribed_v2/al_brooks_price_action_course_v2/units/video_026A_triangles_ttr_wedges_flags_reversal_or_continuation.md,reports/strategy_lab/m10_price_action_strategy_refresh/backtest_specs/M10-PA-012.json,M12.12.daily_observation_loop,M10-PA-012,开盘区间突破,IWM,5m
2026-05-21T10:25:00,trigger_candidate,a33436f6ca2ed1154877b84320b94d2dcfb9e79f8c748c0ccf0f37c5e45db5ab,derived_from_5m_current,local_data/longbridge_intraday/us_DIA_5m_2026-05-21_2026-05-21_longbridge.csv,2026-05-21T23:58:16Z,500.5600,3.3500,497.2100,503.6400,US,"Opening range breakout proxy found in recorded local cache; observe only, no execution.",eligible_for_read_only_observation,needs_read_only_bar_close_review,medium,m12.scanner-candidate.v1,long,readonly_observation_candidate,raw:knowledge/raw/brooks/transcribed_v2/al_brooks_price_action_course_v2/units/video_048D_breakout_mode_opening_range.md;raw:knowledge/raw/brooks/transcribed_v2/al_brooks_price_action_course_v2/units/video_008C_candles_ttr_ii_ioi_breakout_mode.md;raw:knowledge/raw/brooks/transcribed_v2/al_brooks_price_action_course_v2/units/video_026A_triangles_ttr_wedges_flags_reversal_or_continuation.md,reports/strategy_lab/m10_price_action_strategy_refresh/backtest_specs/M10-PA-012.json,M12.12.daily_observation_loop,M10-PA-012,开盘区间突破,DIA,15m
2026-05-21T10:00:00,trigger_candidate,a33436f6ca2ed1154877b84320b94d2dcfb9e79f8c748c0ccf0f37c5e45db5ab,native_current_session_5m_cache,local_data/longbridge_intraday/us_DIA_5m_2026-05-21_2026-05-21_longbridge.csv,2026-05-21T23:58:16Z,500.3950,3.1850,497.2100,503.4750,US,"Opening range breakout proxy found in recorded local cache; observe only, no execution.",eligible_for_read_only_observation,needs_read_only_bar_close_review,medium,m12.scanner-candidate.v1,long,readonly_observation_candidate,raw:knowledge/raw/brooks/transcribed_v2/al_brooks_price_action_course_v2/units/video_048D_breakout_mode_opening_range.md;raw:knowledge/raw/brooks/transcribed_v2/al_brooks_price_action_course_v2/units/video_008C_candles_ttr_ii_ioi_breakout_mode.md;raw:knowledge/raw/brooks/transcribed_v2/al_brooks_price_action_course_v2/units/video_026A_triangles_ttr_wedges_flags_reversal_or_continuation.md,reports/strategy_lab/m10_price_action_strategy_refresh/backtest_specs/M10-PA-012.json,M12.12.daily_observation_loop,M10-PA-012,开盘区间突破,DIA,5m
2026-05-21T13:10:00,trigger_candidate,e839cbd574ed49a0f661ef22de639a2e42a5ff732f217df238271e76d310fca3,derived_from_5m_current,local_data/longbridge_intraday/us_VTI_5m_2026-05-21_2026-05-21_longbridge.csv,2026-05-21T23:58:16Z,363.8200,1.6900,362.1300,365.3300,US,"Opening range breakout proxy found in recorded local cache; observe only, no execution.",eligible_for_read_only_observation,needs_read_only_bar_close_review,low,m12.scanner-candidate.v1,long,readonly_observation_candidate,raw:knowledge/raw/brooks/transcribed_v2/al_brooks_price_action_course_v2/units/video_048D_breakout_mode_opening_range.md;raw:knowledge/raw/brooks/transcribed_v2/al_brooks_price_action_course_v2/units/video_008C_candles_ttr_ii_ioi_breakout_mode.md;raw:knowledge/raw/brooks/transcribed_v2/al_brooks_price_action_course_v2/units/video_026A_triangles_ttr_wedges_flags_reversal_or_continuation.md,reports/strategy_lab/m10_price_action_strategy_refresh/backtest_specs/M10-PA-012.json,M12.12.daily_observation_loop,M10-PA-012,开盘区间突破,VTI,15m
2026-05-21T10:05:00,trigger_candidate,e839cbd574ed49a0f661ef22de639a2e42a5ff732f217df238271e76d310fca3,native_current_session_5m_cache,local_data/longbridge_intraday/us_VTI_5m_2026-05-21_2026-05-21_longbridge.csv,2026-05-21T23:58:16Z,363.7800,1.6500,362.1300,365.2900,US,"Opening range breakout proxy found in recorded local cache; observe only, no execution.",eligible_for_read_only_observation,needs_read_only_bar_close_review,low,m12.scanner-candidate.v1,long,readonly_observation_candidate,raw:knowledge/raw/brooks/transcribed_v2/al_brooks_price_action_course_v2/units/video_048D_breakout_mode_opening_range.md;raw:knowledge/raw/brooks/transcribed_v2/al_brooks_price_action_course_v2/units/video_008C_candles_ttr_ii_ioi_breakout_mode.md;raw:knowledge/raw/brooks/transcribed_v2/al_brooks_price_action_course_v2/units/video_026A_triangles_ttr_wedges_flags_reversal_or_continuation.md,reports/strategy_lab/m10_price_action_strategy_refresh/backtest_specs/M10-PA-012.json,M12.12.daily_observation_loop,M10-PA-012,开盘区间突破,VTI,5m
2026-05-21T13:10:00,trigger_candidate,a748d08eab8a6e086a3786b0ed08d0d43d0b24730941a3936d12ede7ba6dbac9,derived_from_5m_current,local_data/longbridge_intraday/us_VOO_5m_2026-05-21_2026-05-21_longbridge.csv,2026-05-21T23:58:16Z,680.7500,2.7600,677.9900,683.2530,US,"Opening range breakout proxy found in recorded local cache; observe only, no execution.",eligible_for_read_only_observation,needs_read_only_bar_close_review,low,m12.scanner-candidate.v1,long,readonly_observation_candidate,raw:knowledge/raw/brooks/transcribed_v2/al_brooks_price_action_course_v2/units/video_048D_breakout_mode_opening_range.md;raw:knowledge/raw/brooks/transcribed_v2/al_brooks_price_action_course_v2/units/video_008C_candles_ttr_ii_ioi_breakout_mode.md;raw:knowledge/raw/brooks/transcribed_v2/al_brooks_price_action_course_v2/units/video_026A_triangles_ttr_wedges_flags_reversal_or_continuation.md,reports/strategy_lab/m10_price_action_strategy_refresh/backtest_specs/M10-PA-012.json,M12.12.daily_observation_loop,M10-PA-012,开盘区间突破,VOO,15m
2026-05-21T10:05:00,trigger_candidate,a748d08eab8a6e086a3786b0ed08d0d43d0b24730941a3936d12ede7ba6dbac9,native_current_session_5m_cache,local_data/longbridge_intraday/us_VOO_5m_2026-05-21_2026-05-21_longbridge.csv,2026-05-21T23:58:16Z,680.7200,2.7300,677.9900,683.2230,US,"Opening range breakout proxy found in recorded local cache; observe only, no execution.",eligible_for_read_only_observation,needs_read_only_bar_close_review,low,m12.scanner-candidate.v1,long,readonly_observation_candidate,raw:knowledge/raw/brooks/transcribed_v2/al_brooks_price_action_course_v2/units/video_048D_breakout_mode_opening_range.md;raw:knowledge/raw/brooks/transcribed_v2/al_brooks_price_action_course_v2/units/video_008C_candles_ttr_ii_ioi_breakout_mode.md;raw:knowledge/raw/brooks/transcribed_v2/al_brooks_price_action_course_v2/units/video_026A_triangles_ttr_wedges_flags_reversal_or_continuation.md,reports/strategy_lab/m10_price_action_strategy_refresh/backtest_specs/M10-PA-012.json,M12.12.daily_observation_loop,M10-PA-012,开盘区间突破,VOO,5m
2026-05-21T13:10:00,trigger_candidate,126561a856e125948e92fcda2a4d9aeb83a1848d9411c795d6ba621182f56c72,derived_from_5m_current,local_data/longbridge_intraday/us_IVV_5m_2026-05-21_2026-05-21_longbridge.csv,2026-05-21T23:58:16Z,743.9200,3.0400,740.8800,746.7300,US,"Opening range breakout proxy found in recorded local cache; observe only, no execution.",eligible_for_read_only_observation,needs_read_only_bar_close_review,low,m12.scanner-candidate.v1,long,readonly_observation_candidate,raw:knowledge/raw/brooks/transcribed_v2/al_brooks_price_action_course_v2/units/video_048D_breakout_mode_opening_range.md;raw:knowledge/raw/brooks/transcribed_v2/al_brooks_price_action_course_v2/units/video_008C_candles_ttr_ii_ioi_breakout_mode.md;raw:knowledge/raw/brooks/transcribed_v2/al_brooks_price_action_course_v2/units/video_026A_triangles_ttr_wedges_flags_reversal_or_continuation.md,reports/strategy_lab/m10_price_action_strategy_refresh/backtest_specs/M10-PA-012.json,M12.12.daily_observation_loop,M10-PA-012,开盘区间突破,IVV,15m
2026-05-21T10:05:00,trigger_candidate,126561a856e125948e92fcda2a4d9aeb83a1848d9411c795d6ba621182f56c72,native_current_session_5m_cache,local_data/longbridge_intraday/us_IVV_5m_2026-05-21_2026-05-21_longbridge.csv,2026-05-21T23:58:16Z,743.8300,2.9500,740.8800,746.6400,US,"Opening range breakout proxy found in recorded local cache; observe only, no execution.",eligible_for_read_only_observation,needs_read_only_bar_close_review,low,m12.scanner-candidate.v1,long,readonly_observation_candidate,raw:knowledge/raw/brooks/transcribed_v2/al_brooks_price_action_course_v2/units/video_048D_breakout_mode_opening_range.md;raw:knowledge/raw/brooks/transcribed_v2/al_brooks_price_action_course_v2/units/video_008C_candles_ttr_ii_ioi_breakout_mode.md;raw:knowledge/raw/brooks/transcribed_v2/al_brooks_price_action_course_v2/units/video_026A_triangles_ttr_wedges_flags_reversal_or_continuation.md,reports/strategy_lab/m10_price_action_strategy_refresh/backtest_specs/M10-PA-012.json,M12.12.daily_observation_loop,M10-PA-012,开盘区间突破,IVV,5m
2026-05-21T13:25:00,trigger_candidate,93fb28d66bc4325d9368a0a6aaaf7458323622601edeceefaef76ea82efc1c49,derived_from_5m_current,local_data/longbridge_intraday/us_XLK_5m_2026-05-21_2026-05-21_longbridge.csv,2026-05-21T23:58:16Z,177.9100,2.0800,175.8300,179.8500,US,"Opening range breakout proxy found in recorded local cache; observe only, no execution.",eligible_for_read_only_observation,needs_read_only_bar_close_review,medium,m12.scanner-candidate.v1,long,readonly_observation_candidate,raw:knowledge/raw/brooks/transcribed_v2/al_brooks_price_action_course_v2/units/video_048D_breakout_mode_opening_range.md;raw:knowledge/raw/brooks/transcribed_v2/al_brooks_price_action_course_v2/units/video_008C_candles_ttr_ii_ioi_breakout_mode.md;raw:knowledge/raw/brooks/transcribed_v2/al_brooks_price_action_course_v2/units/video_026A_triangles_ttr_wedges_flags_reversal_or_continuation.md,reports/strategy_lab/m10_price_action_strategy_refresh/backtest_specs/M10-PA-012.json,M12.12.daily_observation_loop,M10-PA-012,开盘区间突破,XLK,15m
2026-05-21T10:00:00,trigger_candidate,93fb28d66bc4325d9368a0a6aaaf7458323622601edeceefaef76ea82efc1c49,native_current_session_5m_cache,local_data/longbridge_intraday/us_XLK_5m_2026-05-21_2026-05-21_longbridge.csv,2026-05-21T23:58:16Z,178.0200,2.1900,175.8300,179.9600,US,"Opening range breakout proxy found in recorded local cache; observe only, no execution.",eligible_for_read_only_observation,needs_read_only_bar_close_review,medium,m12.scanner-candidate.v1,long,readonly_observation_candidate,raw:knowledge/raw/brooks/transcribed_v2/al_brooks_price_action_course_v2/units/video_048D_breakout_mode_opening_range.md;raw:knowledge/raw/brooks/transcribed_v2/al_brooks_price_action_course_v2/units/video_008C_candles_ttr_ii_ioi_breakout_mode.md;raw:knowledge/raw/brooks/transcribed_v2/al_brooks_price_action_course_v2/units/video_026A_triangles_ttr_wedges_flags_reversal_or_continuation.md,reports/strategy_lab/m10_price_action_strategy_refresh/backtest_specs/M10-PA-012.json,M12.12.daily_observation_loop,M10-PA-012,开盘区间突破,XLK,5m
2026-05-21T15:55:00,watch_candidate,d827cb0f029b053a03c09d4d1193a20ea4041608ac873900c6bad033265cce67,native_current_session_5m_cache,local_data/longbridge_intraday/us_XLF_5m_2026-05-21_2026-05-21_longbridge.csv,2026-05-21T23:58:16Z,51.7550,0.1010,51.6540,51.9570,US,Trend and pullback proxy found; requires bar-by-bar confirmation before any future status change.,eligible_for_read_only_observation,needs_read_only_bar_close_review,low,m12.scanner-candidate.v1,long,readonly_observation_candidate,raw:knowledge/raw/brooks/transcribed_v2/al_brooks_price_action_course_v2/units/video_009A_pullbacks_bar_counting_basics_high_low_1_2.md;raw:knowledge/raw/brooks/transcribed_v2/al_brooks_price_action_course_v2/units/video_009C_pullbacks_endless_higher_lower_timeframes_countertrend_exit.md;raw:knowledge/raw/brooks/transcribed_v2/al_brooks_price_action_course_v2/units/video_014E_trends_tight_channel_small_pullback.md;raw:knowledge/raw/youtube/fangfangtu/transcripts/Price_Action方方土.pdf;raw:knowledge/raw/youtube/fangfangtu/transcripts/Price_Action方方土.pdf;raw:knowledge/raw/notes/方方土视频笔记 - 回调&数K线.pdf;raw:knowledge/raw/notes/方方土视频笔记 - 市场周期.pdf,reports/strategy_lab/m10_price_action_strategy_refresh/backtest_specs/M10-PA-001.json,M12.12.daily_observation_loop,M10-PA-001,趋势回调二次入场,XLF,5m
2026-05-21T10:10:00,trigger_candidate,d827cb0f029b053a03c09d4d1193a20ea4041608ac873900c6bad033265cce67,derived_from_5m_current,local_data/longbridge_intraday/us_XLF_5m_2026-05-21_2026-05-21_longbridge.csv,2026-05-21T23:58:16Z,51.6600,0.4500,51.2100,52.0800,US,"Opening range breakout proxy found in recorded local cache; observe only, no execution.",eligible_for_read_only_observation,needs_read_only_bar_close_review,medium,m12.scanner-candidate.v1,long,readonly_observation_candidate,raw:knowledge/raw/brooks/transcribed_v2/al_brooks_price_action_course_v2/units/video_048D_breakout_mode_opening_range.md;raw:knowledge/raw/brooks/transcribed_v2/al_brooks_price_action_course_v2/units/video_008C_candles_ttr_ii_ioi_breakout_mode.md;raw:knowledge/raw/brooks/transcribed_v2/al_brooks_price_action_course_v2/units/video_026A_triangles_ttr_wedges_flags_reversal_or_continuation.md,reports/strategy_lab/m10_price_action_strategy_refresh/backtest_specs/M10-PA-012.json,M12.12.daily_observation_loop,M10-PA-012,开盘区间突破,XLF,15m
2026-05-21T10:00:00,trigger_candidate,d827cb0f029b053a03c09d4d1193a20ea4041608ac873900c6bad033265cce67,native_current_session_5m_cache,local_data/longbridge_intraday/us_XLF_5m_2026-05-21_2026-05-21_longbridge.csv,2026-05-21T23:58:16Z,51.6350,0.4250,51.2100,52.0550,US,"Opening range breakout proxy found in recorded local cache; observe only, no execution.",eligible_for_read_only_observation,needs_read_only_bar_close_review,medium,m12.scanner-candidate.v1,long,readonly_observation_candidate,raw:knowledge/raw/brooks/transcribed_v2/al_brooks_price_action_course_v2/units/video_048D_breakout_mode_opening_range.md;raw:knowledge/raw/brooks/transcribed_v2/al_brooks_price_action_course_v2/units/video_008C_candles_ttr_ii_ioi_breakout_mode.md;raw:knowledge/raw/brooks/transcribed_v2/al_brooks_price_action_course_v2/units/video_026A_triangles_ttr_wedges_flags_reversal_or_continuation.md,reports/strategy_lab/m10_price_action_strategy_refresh/backtest_specs/M10-PA-012.json,M12.12.daily_observation_loop,M10-PA-012,开盘区间突破,XLF,5m
2026-05-21T10:40:00,trigger_candidate,5822fb42cb2d0c466f68ed146a33914e33d5eede4a12c19195ad6c3949417a37,derived_from_5m_current,local_data/longbridge_intraday/us_XLE_5m_2026-05-21_2026-05-21_longbridge.csv,2026-05-21T23:58:16Z,59.7100,0.8700,60.5800,58.9050,US,"Opening range breakout proxy found in recorded local cache; observe only, no execution.",eligible_for_read_only_observation,needs_read_only_bar_close_review,medium,m12.scanner-candidate.v1,short,readonly_observation_candidate,raw:knowledge/raw/brooks/transcribed_v2/al_brooks_price_action_course_v2/units/video_048D_breakout_mode_opening_range.md;raw:knowledge/raw/brooks/transcribed_v2/al_brooks_price_action_course_v2/units/video_008C_candles_ttr_ii_ioi_breakout_mode.md;raw:knowledge/raw/brooks/transcribed_v2/al_brooks_price_action_course_v2/units/video_026A_triangles_ttr_wedges_flags_reversal_or_continuation.md,reports/strategy_lab/m10_price_action_strategy_refresh/backtest_specs/M10-PA-012.json,M12.12.daily_observation_loop,M10-PA-012,开盘区间突破,XLE,15m
2026-05-21T10:35:00,trigger_candidate,5822fb42cb2d0c466f68ed146a33914e33d5eede4a12c19195ad6c3949417a37,native_current_session_5m_cache,local_data/longbridge_intraday/us_XLE_5m_2026-05-21_2026-05-21_longbridge.csv,2026-05-21T23:58:16Z,59.6750,0.9050,60.5800,58.8700,US,"Opening range breakout proxy found in recorded local cache; observe only, no execution.",eligible_for_read_only_observation,needs_read_only_bar_close_review,high,m12.scanner-candidate.v1,short,readonly_observation_candidate,raw:knowledge/raw/brooks/transcribed_v2/al_brooks_price_action_course_v2/units/video_048D_breakout_mode_opening_range.md;raw:knowledge/raw/brooks/transcribed_v2/al_brooks_price_action_course_v2/units/video_008C_candles_ttr_ii_ioi_breakout_mode.md;raw:knowledge/raw/brooks/transcribed_v2/al_brooks_price_action_course_v2/units/video_026A_triangles_ttr_wedges_flags_reversal_or_continuation.md,reports/strategy_lab/m10_price_action_strategy_refresh/backtest_specs/M10-PA-012.json,M12.12.daily_observation_loop,M10-PA-012,开盘区间突破,XLE,5m
2026-05-21T16:00:00-04:00,watch_candidate,accec75c849860bb97a796103e06c7659b47998386bfe422611cbb3da1c37461,native_daily_cache,local_data/longbridge_history/us_XLV_1d_2010-06-29_2026-05-21_longbridge.csv,2026-05-21T23:58:16Z,146.2200,1.8500,148.0700,142.5200,US,Trend and pullback proxy found; requires bar-by-bar confirmation before any future status change.,eligible_for_read_only_observation,needs_read_only_bar_close_review,medium,m12.scanner-candidate.v1,short,readonly_observation_candidate,raw:knowledge/raw/brooks/transcribed_v2/al_brooks_price_action_course_v2/units/video_009A_pullbacks_bar_counting_basics_high_low_1_2.md;raw:knowledge/raw/brooks/transcribed_v2/al_brooks_price_action_course_v2/units/video_009C_pullbacks_endless_higher_lower_timeframes_countertrend_exit.md;raw:knowledge/raw/brooks/transcribed_v2/al_brooks_price_action_course_v2/units/video_014E_trends_tight_channel_small_pullback.md;raw:knowledge/raw/youtube/fangfangtu/transcripts/Price_Action方方土.pdf;raw:knowledge/raw/youtube/fangfangtu/transcripts/Price_Action方方土.pdf;raw:knowledge/raw/notes/方方土视频笔记 - 回调&数K线.pdf;raw:knowledge/raw/notes/方方土视频笔记 - 市场周期.pdf,reports/strategy_lab/m10_price_action_strategy_refresh/backtest_specs/M10-PA-001.json,M12.12.daily_observation_loop,M10-PA-001,趋势回调二次入场,XLV,1d
2026-05-21T10:55:00,trigger_candidate,291859a2416645b241dc0e9d0a6bef27050c71c7d1dbe8680756a1ce5fc8bce1,derived_from_5m_current,local_data/longbridge_intraday/us_XLV_5m_2026-05-21_2026-05-21_longbridge.csv,2026-05-21T23:58:16Z,147.4450,1.5750,145.8700,148.9850,US,"Opening range breakout proxy found in recorded local cache; observe only, no execution.",eligible_for_read_only_observation,needs_read_only_bar_close_review,medium,m12.scanner-candidate.v1,long,readonly_observation_candidate,raw:knowledge/raw/brooks/transcribed_v2/al_brooks_price_action_course_v2/units/video_048D_breakout_mode_opening_range.md;raw:knowledge/raw/brooks/transcribed_v2/al_brooks_price_action_course_v2/units/video_008C_candles_ttr_ii_ioi_breakout_mode.md;raw:knowledge/raw/brooks/transcribed_v2/al_brooks_price_action_course_v2/units/video_026A_triangles_ttr_wedges_flags_reversal_or_continuation.md,reports/strategy_lab/m10_price_action_strategy_refresh/backtest_specs/M10-PA-012.json,M12.12.daily_observation_loop,M10-PA-012,开盘区间突破,XLV,15m
2026-05-21T10:55:00,trigger_candidate,291859a2416645b241dc0e9d0a6bef27050c71c7d1dbe8680756a1ce5fc8bce1,native_current_session_5m_cache,local_data/longbridge_intraday/us_XLV_5m_2026-05-21_2026-05-21_longbridge.csv,2026-05-21T23:58:16Z,147.4450,1.5750,145.8700,148.9850,US,"Opening range breakout proxy found in recorded local cache; observe only, no execution.",eligible_for_read_only_observation,needs_read_only_bar_close_review,medium,m12.scanner-candidate.v1,long,readonly_observation_candidate,raw:knowledge/raw/brooks/transcribed_v2/al_brooks_price_action_course_v2/units/video_048D_breakout_mode_opening_range.md;raw:knowledge/raw/brooks/transcribed_v2/al_brooks_price_action_course_v2/units/video_008C_candles_ttr_ii_ioi_breakout_mode.md;raw:knowledge/raw/brooks/transcribed_v2/al_brooks_price_action_course_v2/units/video_026A_triangles_ttr_wedges_flags_reversal_or_continuation.md,reports/strategy_lab/m10_price_action_strategy_refresh/backtest_specs/M10-PA-012.json,M12.12.daily_observation_loop,M10-PA-012,开盘区间突破,XLV,5m
2026-05-21T16:00:00-04:00,trigger_candidate,accec75c849860bb97a796103e06c7659b47998386bfe422611cbb3da1c37461,native_daily_cache,local_data/longbridge_history/us_XLV_1d_2010-06-29_2026-05-21_longbridge.csv,2026-05-21T23:58:16Z,146.22,0.68,146.90,144.86,US,日线市场周期和信号K确认同时出现；只做模拟观察。,eligible_for_read_only_observation,needs_read_only_bar_close_review,medium,m12.daily-candidate.v1,short,readonly_observation_candidate,wiki:knowledge/wiki/sources/fangfangtu-market-cycle-note.md;raw:knowledge/raw/notes/方方土视频笔记 - 市场周期.pdf;wiki:knowledge/wiki/sources/fangfangtu-signal-bar-entry-note.md;raw:knowledge/raw/notes/方方土视频笔记 - 信号K线 & 入场.pdf,reports/strategy_lab/m10_price_action_strategy_refresh/daily_observation/m12_12_loop/m12_12_formal_daily_strategy_spec.json,M12.12.daily_observation_loop,M12-FTD-001,方方土日线趋势顺势信号K,XLV,1d
2026-05-21T13:10:00,trigger_candidate,6614528eb24f983cad80eaa023deedc205934e3ff3dd5c4509b939b242a34614,derived_from_5m_current,local_data/longbridge_intraday/us_XLY_5m_2026-05-21_2026-05-21_longbridge.csv,2026-05-21T23:58:16Z,117.9200,1.1000,116.8200,118.8300,US,"Opening range breakout proxy found in recorded local cache; observe only, no execution.",eligible_for_read_only_observation,needs_read_only_bar_close_review,medium,m12.scanner-candidate.v1,long,readonly_observation_candidate,raw:knowledge/raw/brooks/transcribed_v2/al_brooks_price_action_course_v2/units/video_048D_breakout_mode_opening_range.md;raw:knowledge/raw/brooks/transcribed_v2/al_brooks_price_action_course_v2/units/video_008C_candles_ttr_ii_ioi_breakout_mode.md;raw:knowledge/raw/brooks/transcribed_v2/al_brooks_price_action_course_v2/units/video_026A_triangles_ttr_wedges_flags_reversal_or_continuation.md,reports/strategy_lab/m10_price_action_strategy_refresh/backtest_specs/M10-PA-012.json,M12.12.daily_observation_loop,M10-PA-012,开盘区间突破,XLY,15m
2026-05-21T13:00:00,trigger_candidate,6614528eb24f983cad80eaa023deedc205934e3ff3dd5c4509b939b242a34614,native_current_session_5m_cache,local_data/longbridge_intraday/us_XLY_5m_2026-05-21_2026-05-21_longbridge.csv,2026-05-21T23:58:16Z,117.7750,0.9550,116.8200,118.6850,US,"Opening range breakout proxy found in recorded local cache; observe only, no execution.",eligible_for_read_only_observation,needs_read_only_bar_close_review,medium,m12.scanner-candidate.v1,long,readonly_observation_candidate,raw:knowledge/raw/brooks/transcribed_v2/al_brooks_price_action_course_v2/units/video_048D_breakout_mode_opening_range.md;raw:knowledge/raw/brooks/transcribed_v2/al_brooks_price_action_course_v2/units/video_008C_candles_ttr_ii_ioi_breakout_mode.md;raw:knowledge/raw/brooks/transcribed_v2/al_brooks_price_action_course_v2/units/video_026A_triangles_ttr_wedges_flags_reversal_or_continuation.md,reports/strategy_lab/m10_price_action_strategy_refresh/backtest_specs/M10-PA-012.json,M12.12.daily_observation_loop,M10-PA-012,开盘区间突破,XLY,5m
2026-05-21T10:25:00,trigger_candidate,dafc6be0cc8959412a52c805811beab9d001240798ddcd03713d7acc7a7dba40,derived_from_5m_current,local_data/longbridge_intraday/us_XLI_5m_2026-05-21_2026-05-21_longbridge.csv,2026-05-21T23:58:16Z,170.0250,1.1050,168.9200,171.1250,US,"Opening range breakout proxy found in recorded local cache; observe only, no execution.",eligible_for_read_only_observation,needs_read_only_bar_close_review,medium,m12.scanner-candidate.v1,long,readonly_observation_candidate,raw:knowledge/raw/brooks/transcribed_v2/al_brooks_price_action_course_v2/units/video_048D_breakout_mode_opening_range.md;raw:knowledge/raw/brooks/transcribed_v2/al_brooks_price_action_course_v2/units/video_008C_candles_ttr_ii_ioi_breakout_mode.md;raw:knowledge/raw/brooks/transcribed_v2/al_brooks_price_action_course_v2/units/video_026A_triangles_ttr_wedges_flags_reversal_or_continuation.md,reports/strategy_lab/m10_price_action_strategy_refresh/backtest_specs/M10-PA-012.json,M12.12.daily_observation_loop,M10-PA-012,开盘区间突破,XLI,15m
2026-05-21T10:25:00,trigger_candidate,dafc6be0cc8959412a52c805811beab9d001240798ddcd03713d7acc7a7dba40,native_current_session_5m_cache,local_data/longbridge_intraday/us_XLI_5m_2026-05-21_2026-05-21_longbridge.csv,2026-05-21T23:58:16Z,170.0250,1.1050,168.9200,171.1250,US,"Opening range breakout proxy found in recorded local cache; observe only, no execution.",eligible_for_read_only_observation,needs_read_only_bar_close_review,medium,m12.scanner-candidate.v1,long,readonly_observation_candidate,raw:knowledge/raw/brooks/transcribed_v2/al_brooks_price_action_course_v2/units/video_048D_breakout_mode_opening_range.md;raw:knowledge/raw/brooks/transcribed_v2/al_brooks_price_action_course_v2/units/video_008C_candles_ttr_ii_ioi_breakout_mode.md;raw:knowledge/raw/brooks/transcribed_v2/al_brooks_price_action_course_v2/units/video_026A_triangles_ttr_wedges_flags_reversal_or_continuation.md,reports/strategy_lab/m10_price_action_strategy_refresh/backtest_specs/M10-PA-012.json,M12.12.daily_observation_loop,M10-PA-012,开盘区间突破,XLI,5m
2026-05-21T14:40:00,trigger_candidate,68a58b7037144eb6b19738f5c46cf8f557d2e9361c3bd3252e8e9f96f159b863,derived_from_5m_current,local_data/longbridge_intraday/us_XLP_5m_2026-05-21_2026-05-21_longbridge.csv,2026-05-21T23:58:16Z,84.6950,1.2550,83.4400,85.9450,US,"Opening range breakout proxy found in recorded local cache; observe only, no execution.",eligible_for_read_only_observation,needs_read_only_bar_close_review,medium,m12.scanner-candidate.v1,long,readonly_observation_candidate,raw:knowledge/raw/brooks/transcribed_v2/al_brooks_price_action_course_v2/units/video_048D_breakout_mode_opening_range.md;raw:knowledge/raw/brooks/transcribed_v2/al_brooks_price_action_course_v2/units/video_008C_candles_ttr_ii_ioi_breakout_mode.md;raw:knowledge/raw/brooks/transcribed_v2/al_brooks_price_action_course_v2/units/video_026A_triangles_ttr_wedges_flags_reversal_or_continuation.md,reports/strategy_lab/m10_price_action_strategy_refresh/backtest_specs/M10-PA-012.json,M12.12.daily_observation_loop,M10-PA-012,开盘区间突破,XLP,15m
2026-05-21T14:40:00,trigger_candidate,68a58b7037144eb6b19738f5c46cf8f557d2e9361c3bd3252e8e9f96f159b863,native_current_session_5m_cache,local_data/longbridge_intraday/us_XLP_5m_2026-05-21_2026-05-21_longbridge.csv,2026-05-21T23:58:16Z,84.6950,1.2550,83.4400,85.9450,US,"Opening range breakout proxy found in recorded local cache; observe only, no execution.",eligible_for_read_only_observation,needs_read_only_bar_close_review,medium,m12.scanner-candidate.v1,long,readonly_observation_candidate,raw:knowledge/raw/brooks/transcribed_v2/al_brooks_price_action_course_v2/units/video_048D_breakout_mode_opening_range.md;raw:knowledge/raw/brooks/transcribed_v2/al_brooks_price_action_course_v2/units/video_008C_candles_ttr_ii_ioi_breakout_mode.md;raw:knowledge/raw/brooks/transcribed_v2/al_brooks_price_action_course_v2/units/video_026A_triangles_ttr_wedges_flags_reversal_or_continuation.md,reports/strategy_lab/m10_price_action_strategy_refresh/backtest_specs/M10-PA-012.json,M12.12.daily_observation_loop,M10-PA-012,开盘区间突破,XLP,5m
2026-05-21T16:00:00-04:00,trigger_candidate,e62e73ac8705da193adbf71c81f93334646087d54e02a314ce78e10d8e6506a1,native_daily_cache,local_data/longbridge_history/us_XLP_1d_2010-06-29_2026-05-21_longbridge.csv,2026-05-21T23:58:16Z,84.01,0.68,84.69,82.65,US,日线市场周期和信号K确认同时出现；只做模拟观察。,eligible_for_read_only_observation,needs_read_only_bar_close_review,medium,m12.daily-candidate.v1,short,readonly_observation_candidate,wiki:knowledge/wiki/sources/fangfangtu-market-cycle-note.md;raw:knowledge/raw/notes/方方土视频笔记 - 市场周期.pdf;wiki:knowledge/wiki/sources/fangfangtu-signal-bar-entry-note.md;raw:knowledge/raw/notes/方方土视频笔记 - 信号K线 & 入场.pdf,reports/strategy_lab/m10_price_action_strategy_refresh/daily_observation/m12_12_loop/m12_12_formal_daily_strategy_spec.json,M12.12.daily_observation_loop,M12-FTD-001,方方土日线趋势顺势信号K,XLP,1d
2026-05-21T15:55:00,trigger_candidate,9db9b0c7bdc3875c288f71c459ba61c00e73749a6db9fbd609b8fbe6e0402b5f,derived_from_5m_current,local_data/longbridge_intraday/us_XLU_5m_2026-05-21_2026-05-21_longbridge.csv,2026-05-21T23:58:16Z,45.0000,0.1060,44.8940,45.2120,US,20-bar breakout proxy matched; follow-through still needs bar-close observation.,eligible_for_read_only_observation,needs_read_only_bar_close_review,low,m12.scanner-candidate.v1,long,readonly_observation_candidate,raw:knowledge/raw/brooks/transcribed_v2/al_brooks_price_action_course_v2/units/video_015D_breakouts_second_leg_traps_strong_breakouts.md;raw:knowledge/raw/brooks/transcribed_v2/al_brooks_price_action_course_v2/units/video_015A_breakouts_definition_80_rule_reversal_tr.md;raw:knowledge/raw/brooks/transcribed_v2/al_brooks_price_action_course_v2/units/video_015B_breakouts_follow_through_reversal_small_start.md;raw:knowledge/raw/youtube/fangfangtu/transcripts/Price_Action方方土.pdf;raw:knowledge/raw/youtube/fangfangtu/transcripts/Price_Action方方土.pdf;raw:knowledge/raw/notes/方方土视频笔记-突破.pdf;raw:knowledge/raw/notes/方方土视频笔记-突破.pdf,reports/strategy_lab/m10_price_action_strategy_refresh/backtest_specs/M10-PA-002.json,M12.12.daily_observation_loop,M10-PA-002,突破后续跟进,XLU,15m
2026-05-21T15:55:00,trigger_candidate,9db9b0c7bdc3875c288f71c459ba61c00e73749a6db9fbd609b8fbe6e0402b5f,native_current_session_5m_cache,local_data/longbridge_intraday/us_XLU_5m_2026-05-21_2026-05-21_longbridge.csv,2026-05-21T23:58:16Z,45.0000,0.0250,44.9750,45.0500,US,20-bar breakout proxy matched; follow-through still needs bar-close observation.,eligible_for_read_only_observation,needs_read_only_bar_close_review,low,m12.scanner-candidate.v1,long,readonly_observation_candidate,raw:knowledge/raw/brooks/transcribed_v2/al_brooks_price_action_course_v2/units/video_015D_breakouts_second_leg_traps_strong_breakouts.md;raw:knowledge/raw/brooks/transcribed_v2/al_brooks_price_action_course_v2/units/video_015A_breakouts_definition_80_rule_reversal_tr.md;raw:knowledge/raw/brooks/transcribed_v2/al_brooks_price_action_course_v2/units/video_015B_breakouts_follow_through_reversal_small_start.md;raw:knowledge/raw/youtube/fangfangtu/transcripts/Price_Action方方土.pdf;raw:knowledge/raw/youtube/fangfangtu/transcripts/Price_Action方方土.pdf;raw:knowledge/raw/notes/方方土视频笔记-突破.pdf;raw:knowledge/raw/notes/方方土视频笔记-突破.pdf,reports/strategy_lab/m10_price_action_strategy_refresh/backtest_specs/M10-PA-002.json,M12.12.daily_observation_loop,M10-PA-002,突破后续跟进,XLU,5m
2026-05-21T10:25:00,trigger_candidate,9db9b0c7bdc3875c288f71c459ba61c00e73749a6db9fbd609b8fbe6e0402b5f,derived_from_5m_current,local_data/longbridge_intraday/us_XLU_5m_2026-05-21_2026-05-21_longbridge.csv,2026-05-21T23:58:16Z,44.8750,0.4400,44.4350,45.3100,US,"Opening range breakout proxy found in recorded local cache; observe only, no execution.",eligible_for_read_only_observation,needs_read_only_bar_close_review,medium,m12.scanner-candidate.v1,long,readonly_observation_candidate,raw:knowledge/raw/brooks/transcribed_v2/al_brooks_price_action_course_v2/units/video_048D_breakout_mode_opening_range.md;raw:knowledge/raw/brooks/transcribed_v2/al_brooks_price_action_course_v2/units/video_008C_candles_ttr_ii_ioi_breakout_mode.md;raw:knowledge/raw/brooks/transcribed_v2/al_brooks_price_action_course_v2/units/video_026A_triangles_ttr_wedges_flags_reversal_or_continuation.md,reports/strategy_lab/m10_price_action_strategy_refresh/backtest_specs/M10-PA-012.json,M12.12.daily_observation_loop,M10-PA-012,开盘区间突破,XLU,15m
2026-05-21T10:25:00,trigger_candidate,9db9b0c7bdc3875c288f71c459ba61c00e73749a6db9fbd609b8fbe6e0402b5f,native_current_session_5m_cache,local_data/longbridge_intraday/us_XLU_5m_2026-05-21_2026-05-21_longbridge.csv,2026-05-21T23:58:16Z,44.8750,0.4400,44.4350,45.3100,US,"Opening range breakout proxy found in recorded local cache; observe only, no execution.",eligible_for_read_only_observation,needs_read_only_bar_close_review,medium,m12.scanner-candidate.v1,long,readonly_observation_candidate,raw:knowledge/raw/brooks/transcribed_v2/al_brooks_price_action_course_v2/units/video_048D_breakout_mode_opening_range.md;raw:knowledge/raw/brooks/transcribed_v2/al_brooks_price_action_course_v2/units/video_008C_candles_ttr_ii_ioi_breakout_mode.md;raw:knowledge/raw/brooks/transcribed_v2/al_brooks_price_action_course_v2/units/video_026A_triangles_ttr_wedges_flags_reversal_or_continuation.md,reports/strategy_lab/m10_price_action_strategy_refresh/backtest_specs/M10-PA-012.json,M12.12.daily_observation_loop,M10-PA-012,开盘区间突破,XLU,5m
2026-05-21T10:25:00,trigger_candidate,f115ee7cd8c4365e0304325c5ef3b975866e70a9832703147138c62c46e65e0a,derived_from_5m_current,local_data/longbridge_intraday/us_XLC_5m_2026-05-21_2026-05-21_longbridge.csv,2026-05-21T23:58:16Z,115.8100,0.8200,114.9900,116.4100,US,"Opening range breakout proxy found in recorded local cache; observe only, no execution.",eligible_for_read_only_observation,needs_read_only_bar_close_review,medium,m12.scanner-candidate.v1,long,readonly_observation_candidate,raw:knowledge/raw/brooks/transcribed_v2/al_brooks_price_action_course_v2/units/video_048D_breakout_mode_opening_range.md;raw:knowledge/raw/brooks/transcribed_v2/al_brooks_price_action_course_v2/units/video_008C_candles_ttr_ii_ioi_breakout_mode.md;raw:knowledge/raw/brooks/transcribed_v2/al_brooks_price_action_course_v2/units/video_026A_triangles_ttr_wedges_flags_reversal_or_continuation.md,reports/strategy_lab/m10_price_action_strategy_refresh/backtest_specs/M10-PA-012.json,M12.12.daily_observation_loop,M10-PA-012,开盘区间突破,XLC,15m
2026-05-21T10:20:00,trigger_candidate,f115ee7cd8c4365e0304325c5ef3b975866e70a9832703147138c62c46e65e0a,native_current_session_5m_cache,local_data/longbridge_intraday/us_XLC_5m_2026-05-21_2026-05-21_longbridge.csv,2026-05-21T23:58:16Z,115.6150,0.6250,114.9900,116.2150,US,"Opening range breakout proxy found in recorded local cache; observe only, no execution.",eligible_for_read_only_observation,needs_read_only_bar_close_review,medium,m12.scanner-candidate.v1,long,readonly_observation_candidate,raw:knowledge/raw/brooks/transcribed_v2/al_brooks_price_action_course_v2/units/video_048D_breakout_mode_opening_range.md;raw:knowledge/raw/brooks/transcribed_v2/al_brooks_price_action_course_v2/units/video_008C_candles_ttr_ii_ioi_breakout_mode.md;raw:knowledge/raw/brooks/transcribed_v2/al_brooks_price_action_course_v2/units/video_026A_triangles_ttr_wedges_flags_reversal_or_continuation.md,reports/strategy_lab/m10_price_action_strategy_refresh/backtest_specs/M10-PA-012.json,M12.12.daily_observation_loop,M10-PA-012,开盘区间突破,XLC,5m
2026-05-21T15:55:00,watch_candidate,f14c211924384f8df9c94bde8431a98c8d6e61ec7d0c4ff1f77307d1dacf467b,native_current_session_5m_cache,local_data/longbridge_intraday/us_XLB_5m_2026-05-21_2026-05-21_longbridge.csv,2026-05-21T23:58:16Z,50.0750,0.1000,49.9750,50.2750,US,Trend and pullback proxy found; requires bar-by-bar confirmation before any future status change.,eligible_for_read_only_observation,needs_read_only_bar_close_review,low,m12.scanner-candidate.v1,long,readonly_observation_candidate,raw:knowledge/raw/brooks/transcribed_v2/al_brooks_price_action_course_v2/units/video_009A_pullbacks_bar_counting_basics_high_low_1_2.md;raw:knowledge/raw/brooks/transcribed_v2/al_brooks_price_action_course_v2/units/video_009C_pullbacks_endless_higher_lower_timeframes_countertrend_exit.md;raw:knowledge/raw/brooks/transcribed_v2/al_brooks_price_action_course_v2/units/video_014E_trends_tight_channel_small_pullback.md;raw:knowledge/raw/youtube/fangfangtu/transcripts/Price_Action方方土.pdf;raw:knowledge/raw/youtube/fangfangtu/transcripts/Price_Action方方土.pdf;raw:knowledge/raw/notes/方方土视频笔记 - 回调&数K线.pdf;raw:knowledge/raw/notes/方方土视频笔记 - 市场周期.pdf,reports/strategy_lab/m10_price_action_strategy_refresh/backtest_specs/M10-PA-001.json,M12.12.daily_observation_loop,M10-PA-001,趋势回调二次入场,XLB,5m
2026-05-21T10:10:00,trigger_candidate,f14c211924384f8df9c94bde8431a98c8d6e61ec7d0c4ff1f77307d1dacf467b,derived_from_5m_current,local_data/longbridge_intraday/us_XLB_5m_2026-05-21_2026-05-21_longbridge.csv,2026-05-21T23:58:16Z,49.6750,0.5400,49.1350,50.1600,US,"Opening range breakout proxy found in recorded local cache; observe only, no execution.",eligible_for_read_only_observation,needs_read_only_bar_close_review,medium,m12.scanner-candidate.v1,long,readonly_observation_candidate,raw:knowledge/raw/brooks/transcribed_v2/al_brooks_price_action_course_v2/units/video_048D_breakout_mode_opening_range.md;raw:knowledge/raw/brooks/transcribed_v2/al_brooks_price_action_course_v2/units/video_008C_candles_ttr_ii_ioi_breakout_mode.md;raw:knowledge/raw/brooks/transcribed_v2/al_brooks_price_action_course_v2/units/video_026A_triangles_ttr_wedges_flags_reversal_or_continuation.md,reports/strategy_lab/m10_price_action_strategy_refresh/backtest_specs/M10-PA-012.json,M12.12.daily_observation_loop,M10-PA-012,开盘区间突破,XLB,15m
2026-05-21T10:00:00,trigger_candidate,f14c211924384f8df9c94bde8431a98c8d6e61ec7d0c4ff1f77307d1dacf467b,native_current_session_5m_cache,local_data/longbridge_intraday/us_XLB_5m_2026-05-21_2026-05-21_longbridge.csv,2026-05-21T23:58:16Z,49.6500,0.5150,49.1350,50.1350,US,"Opening range breakout proxy found in recorded local cache; observe only, no execution.",eligible_for_read_only_observation,needs_read_only_bar_close_review,medium,m12.scanner-candidate.v1,long,readonly_observation_candidate,raw:knowledge/raw/brooks/transcribed_v2/al_brooks_price_action_course_v2/units/video_048D_breakout_mode_opening_range.md;raw:knowledge/raw/brooks/transcribed_v2/al_brooks_price_action_course_v2/units/video_008C_candles_ttr_ii_ioi_breakout_mode.md;raw:knowledge/raw/brooks/transcribed_v2/al_brooks_price_action_course_v2/units/video_026A_triangles_ttr_wedges_flags_reversal_or_continuation.md,reports/strategy_lab/m10_price_action_strategy_refresh/backtest_specs/M10-PA-012.json,M12.12.daily_observation_loop,M10-PA-012,开盘区间突破,XLB,5m
2026-05-21T10:25:00,trigger_candidate,f0e10d09be144e905854c7fdb97a99a18befa3410247eeb2769598d2d5ba957b,derived_from_5m_current,local_data/longbridge_intraday/us_SMH_5m_2026-05-21_2026-05-21_longbridge.csv,2026-05-21T23:58:16Z,560.5100,6.6100,567.1200,554.4120,US,"Opening range breakout proxy found in recorded local cache; observe only, no execution.",eligible_for_read_only_observation,needs_read_only_bar_close_review,medium,m12.scanner-candidate.v1,short,readonly_observation_candidate,raw:knowledge/raw/brooks/transcribed_v2/al_brooks_price_action_course_v2/units/video_048D_breakout_mode_opening_range.md;raw:knowledge/raw/brooks/transcribed_v2/al_brooks_price_action_course_v2/units/video_008C_candles_ttr_ii_ioi_breakout_mode.md;raw:knowledge/raw/brooks/transcribed_v2/al_brooks_price_action_course_v2/units/video_026A_triangles_ttr_wedges_flags_reversal_or_continuation.md,reports/strategy_lab/m10_price_action_strategy_refresh/backtest_specs/M10-PA-012.json,M12.12.daily_observation_loop,M10-PA-012,开盘区间突破,SMH,15m
2026-05-21T10:00:00,trigger_candidate,f0e10d09be144e905854c7fdb97a99a18befa3410247eeb2769598d2d5ba957b,native_current_session_5m_cache,local_data/longbridge_intraday/us_SMH_5m_2026-05-21_2026-05-21_longbridge.csv,2026-05-21T23:58:16Z,568.2000,7.1780,561.0220,574.2980,US,"Opening range breakout proxy found in recorded local cache; observe only, no execution.",eligible_for_read_only_observation,needs_read_only_bar_close_review,medium,m12.scanner-candidate.v1,long,readonly_observation_candidate,raw:knowledge/raw/brooks/transcribed_v2/al_brooks_price_action_course_v2/units/video_048D_breakout_mode_opening_range.md;raw:knowledge/raw/brooks/transcribed_v2/al_brooks_price_action_course_v2/units/video_008C_candles_ttr_ii_ioi_breakout_mode.md;raw:knowledge/raw/brooks/transcribed_v2/al_brooks_price_action_course_v2/units/video_026A_triangles_ttr_wedges_flags_reversal_or_continuation.md,reports/strategy_lab/m10_price_action_strategy_refresh/backtest_specs/M10-PA-012.json,M12.12.daily_observation_loop,M10-PA-012,开盘区间突破,SMH,5m
2026-05-21T11:25:00,trigger_candidate,e29a53fbd7ae8f02801960a370bf086e9651c3e1c857be7cb5d4fe21612e3ab7,derived_from_5m_current,local_data/longbridge_intraday/us_SOXX_5m_2026-05-21_2026-05-21_longbridge.csv,2026-05-21T23:58:16Z,517.5700,6.3700,523.9400,511.3800,US,"Opening range breakout proxy found in recorded local cache; observe only, no execution.",eligible_for_read_only_observation,needs_read_only_bar_close_review,medium,m12.scanner-candidate.v1,short,readonly_observation_candidate,raw:knowledge/raw/brooks/transcribed_v2/al_brooks_price_action_course_v2/units/video_048D_breakout_mode_opening_range.md;raw:knowledge/raw/brooks/transcribed_v2/al_brooks_price_action_course_v2/units/video_008C_candles_ttr_ii_ioi_breakout_mode.md;raw:knowledge/raw/brooks/transcribed_v2/al_brooks_price_action_course_v2/units/video_026A_triangles_ttr_wedges_flags_reversal_or_continuation.md,reports/strategy_lab/m10_price_action_strategy_refresh/backtest_specs/M10-PA-012.json,M12.12.daily_observation_loop,M10-PA-012,开盘区间突破,SOXX,15m
2026-05-21T10:00:00,trigger_candidate,e29a53fbd7ae8f02801960a370bf086e9651c3e1c857be7cb5d4fe21612e3ab7,native_current_session_5m_cache,local_data/longbridge_intraday/us_SOXX_5m_2026-05-21_2026-05-21_longbridge.csv,2026-05-21T23:58:16Z,524.8000,7.0500,517.7500,530.9900,US,"Opening range breakout proxy found in recorded local cache; observe only, no execution.",eligible_for_read_only_observation,needs_read_only_bar_close_review,medium,m12.scanner-candidate.v1,long,readonly_observation_candidate,raw:knowledge/raw/brooks/transcribed_v2/al_brooks_price_action_course_v2/units/video_048D_breakout_mode_opening_range.md;raw:knowledge/raw/brooks/transcribed_v2/al_brooks_price_action_course_v2/units/video_008C_candles_ttr_ii_ioi_breakout_mode.md;raw:knowledge/raw/brooks/transcribed_v2/al_brooks_price_action_course_v2/units/video_026A_triangles_ttr_wedges_flags_reversal_or_continuation.md,reports/strategy_lab/m10_price_action_strategy_refresh/backtest_specs/M10-PA-012.json,M12.12.daily_observation_loop,M10-PA-012,开盘区间突破,SOXX,5m
2026-05-21T13:10:00,trigger_candidate,1d9920c687f8461ae0cbb876b31392bf68849ac5291406976aa4b7e58028a4d2,derived_from_5m_current,local_data/longbridge_intraday/us_TQQQ_5m_2026-05-21_2026-05-21_longbridge.csv,2026-05-21T23:58:16Z,76.1600,1.3000,74.8600,77.2300,US,"Opening range breakout proxy found in recorded local cache; observe only, no execution.",eligible_for_read_only_observation,needs_read_only_bar_close_review,high,m12.scanner-candidate.v1,long,readonly_observation_candidate,raw:knowledge/raw/brooks/transcribed_v2/al_brooks_price_action_course_v2/units/video_048D_breakout_mode_opening_range.md;raw:knowledge/raw/brooks/transcribed_v2/al_brooks_price_action_course_v2/units/video_008C_candles_ttr_ii_ioi_breakout_mode.md;raw:knowledge/raw/brooks/transcribed_v2/al_brooks_price_action_course_v2/units/video_026A_triangles_ttr_wedges_flags_reversal_or_continuation.md,reports/strategy_lab/m10_price_action_strategy_refresh/backtest_specs/M10-PA-012.json,M12.12.daily_observation_loop,M10-PA-012,开盘区间突破,TQQQ,15m
2026-05-21T10:05:00,trigger_candidate,1d9920c687f8461ae0cbb876b31392bf68849ac5291406976aa4b7e58028a4d2,native_current_session_5m_cache,local_data/longbridge_intraday/us_TQQQ_5m_2026-05-21_2026-05-21_longbridge.csv,2026-05-21T23:58:16Z,75.9800,1.1200,74.8600,77.0500,US,"Opening range breakout proxy found in recorded local cache; observe only, no execution.",eligible_for_read_only_observation,needs_read_only_bar_close_review,medium,m12.scanner-candidate.v1,long,readonly_observation_candidate,raw:knowledge/raw/brooks/transcribed_v2/al_brooks_price_action_course_v2/units/video_048D_breakout_mode_opening_range.md;raw:knowledge/raw/brooks/transcribed_v2/al_brooks_price_action_course_v2/units/video_008C_candles_ttr_ii_ioi_breakout_mode.md;raw:knowledge/raw/brooks/transcribed_v2/al_brooks_price_action_course_v2/units/video_026A_triangles_ttr_wedges_flags_reversal_or_continuation.md,reports/strategy_lab/m10_price_action_strategy_refresh/backtest_specs/M10-PA-012.json,M12.12.daily_observation_loop,M10-PA-012,开盘区间突破,TQQQ,5m
2026-05-21T13:10:00,trigger_candidate,5994138b191f3f7496bd3626a909b25db8add7363905677b0a762f571b6359e9,derived_from_5m_current,local_data/longbridge_intraday/us_SQQQ_5m_2026-05-21_2026-05-21_longbridge.csv,2026-05-21T23:58:16Z,42.3950,0.7250,43.1200,41.8000,US,"Opening range breakout proxy found in recorded local cache; observe only, no execution.",eligible_for_read_only_observation,needs_read_only_bar_close_review,high,m12.scanner-candidate.v1,short,readonly_observation_candidate,raw:knowledge/raw/brooks/transcribed_v2/al_brooks_price_action_course_v2/units/video_048D_breakout_mode_opening_range.md;raw:knowledge/raw/brooks/transcribed_v2/al_brooks_price_action_course_v2/units/video_008C_candles_ttr_ii_ioi_breakout_mode.md;raw:knowledge/raw/brooks/transcribed_v2/al_brooks_price_action_course_v2/units/video_026A_triangles_ttr_wedges_flags_reversal_or_continuation.md,reports/strategy_lab/m10_price_action_strategy_refresh/backtest_specs/M10-PA-012.json,M12.12.daily_observation_loop,M10-PA-012,开盘区间突破,SQQQ,15m
2026-05-21T10:05:00,trigger_candidate,5994138b191f3f7496bd3626a909b25db8add7363905677b0a762f571b6359e9,native_current_session_5m_cache,local_data/longbridge_intraday/us_SQQQ_5m_2026-05-21_2026-05-21_longbridge.csv,2026-05-21T23:58:16Z,42.5000,0.6200,43.1200,41.9050,US,"Opening range breakout proxy found in recorded local cache; observe only, no execution.",eligible_for_read_only_observation,needs_read_only_bar_close_review,medium,m12.scanner-candidate.v1,short,readonly_observation_candidate,raw:knowledge/raw/brooks/transcribed_v2/al_brooks_price_action_course_v2/units/video_048D_breakout_mode_opening_range.md;raw:knowledge/raw/brooks/transcribed_v2/al_brooks_price_action_course_v2/units/video_008C_candles_ttr_ii_ioi_breakout_mode.md;raw:knowledge/raw/brooks/transcribed_v2/al_brooks_price_action_course_v2/units/video_026A_triangles_ttr_wedges_flags_reversal_or_continuation.md,reports/strategy_lab/m10_price_action_strategy_refresh/backtest_specs/M10-PA-012.json,M12.12.daily_observation_loop,M10-PA-012,开盘区间突破,SQQQ,5m
2026-05-21T13:10:00,trigger_candidate,ea35bdf38c259dc48f6cb7070d8cef10b60f41c4c14c8313577895d1b4ef1718,derived_from_5m_current,local_data/longbridge_intraday/us_GLD_5m_2026-05-21_2026-05-21_longbridge.csv,2026-05-21T23:58:16Z,415.4450,3.4950,411.9500,418.4550,US,"Opening range breakout proxy found in recorded local cache; observe only, no execution.",eligible_for_read_only_observation,needs_read_only_bar_close_review,medium,m12.scanner-candidate.v1,long,readonly_observation_candidate,raw:knowledge/raw/brooks/transcribed_v2/al_brooks_price_action_course_v2/units/video_048D_breakout_mode_opening_range.md;raw:knowledge/raw/brooks/transcribed_v2/al_brooks_price_action_course_v2/units/video_008C_candles_ttr_ii_ioi_breakout_mode.md;raw:knowledge/raw/brooks/transcribed_v2/al_brooks_price_action_course_v2/units/video_026A_triangles_ttr_wedges_flags_reversal_or_continuation.md,reports/strategy_lab/m10_price_action_strategy_refresh/backtest_specs/M10-PA-012.json,M12.12.daily_observation_loop,M10-PA-012,开盘区间突破,GLD,15m
2026-05-21T13:10:00,trigger_candidate,ea35bdf38c259dc48f6cb7070d8cef10b60f41c4c14c8313577895d1b4ef1718,native_current_session_5m_cache,local_data/longbridge_intraday/us_GLD_5m_2026-05-21_2026-05-21_longbridge.csv,2026-05-21T23:58:16Z,415.4450,3.4950,411.9500,418.4550,US,"Opening range breakout proxy found in recorded local cache; observe only, no execution.",eligible_for_read_only_observation,needs_read_only_bar_close_review,medium,m12.scanner-candidate.v1,long,readonly_observation_candidate,raw:knowledge/raw/brooks/transcribed_v2/al_brooks_price_action_course_v2/units/video_048D_breakout_mode_opening_range.md;raw:knowledge/raw/brooks/transcribed_v2/al_brooks_price_action_course_v2/units/video_008C_candles_ttr_ii_ioi_breakout_mode.md;raw:knowledge/raw/brooks/transcribed_v2/al_brooks_price_action_course_v2/units/video_026A_triangles_ttr_wedges_flags_reversal_or_continuation.md,reports/strategy_lab/m10_price_action_strategy_refresh/backtest_specs/M10-PA-012.json,M12.12.daily_observation_loop,M10-PA-012,开盘区间突破,GLD,5m
2026-05-21T12:10:00,trigger_candidate,2e0f7e72c8a062f7798b88ea771c51eb8d83bdd63825a1b09be5893c7bf9e578,derived_from_5m_current,local_data/longbridge_intraday/us_SLV_5m_2026-05-21_2026-05-21_longbridge.csv,2026-05-21T23:58:16Z,68.5400,1.2300,67.3100,69.7300,US,"Opening range breakout proxy found in recorded local cache; observe only, no execution.",eligible_for_read_only_observation,needs_read_only_bar_close_review,high,m12.scanner-candidate.v1,long,readonly_observation_candidate,raw:knowledge/raw/brooks/transcribed_v2/al_brooks_price_action_course_v2/units/video_048D_breakout_mode_opening_range.md;raw:knowledge/raw/brooks/transcribed_v2/al_brooks_price_action_course_v2/units/video_008C_candles_ttr_ii_ioi_breakout_mode.md;raw:knowledge/raw/brooks/transcribed_v2/al_brooks_price_action_course_v2/units/video_026A_triangles_ttr_wedges_flags_reversal_or_continuation.md,reports/strategy_lab/m10_price_action_strategy_refresh/backtest_specs/M10-PA-012.json,M12.12.daily_observation_loop,M10-PA-012,开盘区间突破,SLV,15m
2026-05-21T12:00:00,trigger_candidate,2e0f7e72c8a062f7798b88ea771c51eb8d83bdd63825a1b09be5893c7bf9e578,native_current_session_5m_cache,local_data/longbridge_intraday/us_SLV_5m_2026-05-21_2026-05-21_longbridge.csv,2026-05-21T23:58:16Z,68.5500,1.2400,67.3100,69.7400,US,"Opening range breakout proxy found in recorded local cache; observe only, no execution.",eligible_for_read_only_observation,needs_read_only_bar_close_review,high,m12.scanner-candidate.v1,long,readonly_observation_candidate,raw:knowledge/raw/brooks/transcribed_v2/al_brooks_price_action_course_v2/units/video_048D_breakout_mode_opening_range.md;raw:knowledge/raw/brooks/transcribed_v2/al_brooks_price_action_course_v2/units/video_008C_candles_ttr_ii_ioi_breakout_mode.md;raw:knowledge/raw/brooks/transcribed_v2/al_brooks_price_action_course_v2/units/video_026A_triangles_ttr_wedges_flags_reversal_or_continuation.md,reports/strategy_lab/m10_price_action_strategy_refresh/backtest_specs/M10-PA-012.json,M12.12.daily_observation_loop,M10-PA-012,开盘区间突破,SLV,5m
2026-05-21T12:40:00,trigger_candidate,39107038bf9bb19f233b93f22dce795ed7c165cbcae036bdb2c545facfbc07ef,derived_from_5m_current,local_data/longbridge_intraday/us_USO_5m_2026-05-21_2026-05-21_longbridge.csv,2026-05-21T23:58:16Z,146.7500,3.5050,150.2550,143.3650,US,"Opening range breakout proxy found in recorded local cache; observe only, no execution.",eligible_for_read_only_observation,needs_read_only_bar_close_review,high,m12.scanner-candidate.v1,short,readonly_observation_candidate,raw:knowledge/raw/brooks/transcribed_v2/al_brooks_price_action_course_v2/units/video_048D_breakout_mode_opening_range.md;raw:knowledge/raw/brooks/transcribed_v2/al_brooks_price_action_course_v2/units/video_008C_candles_ttr_ii_ioi_breakout_mode.md;raw:knowledge/raw/brooks/transcribed_v2/al_brooks_price_action_course_v2/units/video_026A_triangles_ttr_wedges_flags_reversal_or_continuation.md,reports/strategy_lab/m10_price_action_strategy_refresh/backtest_specs/M10-PA-012.json,M12.12.daily_observation_loop,M10-PA-012,开盘区间突破,USO,15m
2026-05-21T12:00:00,trigger_candidate,39107038bf9bb19f233b93f22dce795ed7c165cbcae036bdb2c545facfbc07ef,native_current_session_5m_cache,local_data/longbridge_intraday/us_USO_5m_2026-05-21_2026-05-21_longbridge.csv,2026-05-21T23:58:16Z,146.6050,3.6500,150.2550,143.2200,US,"Opening range breakout proxy found in recorded local cache; observe only, no execution.",eligible_for_read_only_observation,needs_read_only_bar_close_review,high,m12.scanner-candidate.v1,short,readonly_observation_candidate,raw:knowledge/raw/brooks/transcribed_v2/al_brooks_price_action_course_v2/units/video_048D_breakout_mode_opening_range.md;raw:knowledge/raw/brooks/transcribed_v2/al_brooks_price_action_course_v2/units/video_008C_candles_ttr_ii_ioi_breakout_mode.md;raw:knowledge/raw/brooks/transcribed_v2/al_brooks_price_action_course_v2/units/video_026A_triangles_ttr_wedges_flags_reversal_or_continuation.md,reports/strategy_lab/m10_price_action_strategy_refresh/backtest_specs/M10-PA-012.json,M12.12.daily_observation_loop,M10-PA-012,开盘区间突破,USO,5m
2026-05-21T12:10:00,trigger_candidate,0d9167622679ec68444dd6a9b04f2b024573cc2286332950d34319fdaec802d9,derived_from_5m_current,local_data/longbridge_intraday/us_TLT_5m_2026-05-21_2026-05-21_longbridge.csv,2026-05-21T23:58:16Z,83.7400,0.4150,83.3250,84.1440,US,"Opening range breakout proxy found in recorded local cache; observe only, no execution.",eligible_for_read_only_observation,needs_read_only_bar_close_review,low,m12.scanner-candidate.v1,long,readonly_observation_candidate,raw:knowledge/raw/brooks/transcribed_v2/al_brooks_price_action_course_v2/units/video_048D_breakout_mode_opening_range.md;raw:knowledge/raw/brooks/transcribed_v2/al_brooks_price_action_course_v2/units/video_008C_candles_ttr_ii_ioi_breakout_mode.md;raw:knowledge/raw/brooks/transcribed_v2/al_brooks_price_action_course_v2/units/video_026A_triangles_ttr_wedges_flags_reversal_or_continuation.md,reports/strategy_lab/m10_price_action_strategy_refresh/backtest_specs/M10-PA-012.json,M12.12.daily_observation_loop,M10-PA-012,开盘区间突破,TLT,15m
2026-05-21T12:05:00,trigger_candidate,0d9167622679ec68444dd6a9b04f2b024573cc2286332950d34319fdaec802d9,native_current_session_5m_cache,local_data/longbridge_intraday/us_TLT_5m_2026-05-21_2026-05-21_longbridge.csv,2026-05-21T23:58:16Z,83.7650,0.4400,83.3250,84.1690,US,"Opening range breakout proxy found in recorded local cache; observe only, no execution.",eligible_for_read_only_observation,needs_read_only_bar_close_review,medium,m12.scanner-candidate.v1,long,readonly_observation_candidate,raw:knowledge/raw/brooks/transcribed_v2/al_brooks_price_action_course_v2/units/video_048D_breakout_mode_opening_range.md;raw:knowledge/raw/brooks/transcribed_v2/al_brooks_price_action_course_v2/units/video_008C_candles_ttr_ii_ioi_breakout_mode.md;raw:knowledge/raw/brooks/transcribed_v2/al_brooks_price_action_course_v2/units/video_026A_triangles_ttr_wedges_flags_reversal_or_continuation.md,reports/strategy_lab/m10_price_action_strategy_refresh/backtest_specs/M10-PA-012.json,M12.12.daily_observation_loop,M10-PA-012,开盘区间突破,TLT,5m
2026-05-21T13:25:00,trigger_candidate,67fc923dbdec297b6f367c866dbee034806b8d988e400e53a2a45e45f672e15d,derived_from_5m_current,local_data/longbridge_intraday/us_HYG_5m_2026-05-21_2026-05-21_longbridge.csv,2026-05-21T23:58:16Z,79.8450,0.2000,79.6450,79.9750,US,"Opening range breakout proxy found in recorded local cache; observe only, no execution.",eligible_for_read_only_observation,needs_read_only_bar_close_review,low,m12.scanner-candidate.v1,long,readonly_observation_candidate,raw:knowledge/raw/brooks/transcribed_v2/al_brooks_price_action_course_v2/units/video_048D_breakout_mode_opening_range.md;raw:knowledge/raw/brooks/transcribed_v2/al_brooks_price_action_course_v2/units/video_008C_candles_ttr_ii_ioi_breakout_mode.md;raw:knowledge/raw/brooks/transcribed_v2/al_brooks_price_action_course_v2/units/video_026A_triangles_ttr_wedges_flags_reversal_or_continuation.md,reports/strategy_lab/m10_price_action_strategy_refresh/backtest_specs/M10-PA-012.json,M12.12.daily_observation_loop,M10-PA-012,开盘区间突破,HYG,15m
2026-05-21T10:05:00,trigger_candidate,67fc923dbdec297b6f367c866dbee034806b8d988e400e53a2a45e45f672e15d,native_current_session_5m_cache,local_data/longbridge_intraday/us_HYG_5m_2026-05-21_2026-05-21_longbridge.csv,2026-05-21T23:58:16Z,79.7950,0.1500,79.6450,79.9250,US,"Opening range breakout proxy found in recorded local cache; observe only, no execution.",eligible_for_read_only_observation,needs_read_only_bar_close_review,low,m12.scanner-candidate.v1,long,readonly_observation_candidate,raw:knowledge/raw/brooks/transcribed_v2/al_brooks_price_action_course_v2/units/video_048D_breakout_mode_opening_range.md;raw:knowledge/raw/brooks/transcribed_v2/al_brooks_price_action_course_v2/units/video_008C_candles_ttr_ii_ioi_breakout_mode.md;raw:knowledge/raw/brooks/transcribed_v2/al_brooks_price_action_course_v2/units/video_026A_triangles_ttr_wedges_flags_reversal_or_continuation.md,reports/strategy_lab/m10_price_action_strategy_refresh/backtest_specs/M10-PA-012.json,M12.12.daily_observation_loop,M10-PA-012,开盘区间突破,HYG,5m
2026-05-21T12:25:00,trigger_candidate,ddb8f04ae981d0d54743fe88fa1aff61404f898e0d4f7208a8809904f5b51d5d,derived_from_5m_current,local_data/longbridge_intraday/us_LQD_5m_2026-05-21_2026-05-21_longbridge.csv,2026-05-21T23:58:16Z,107.7650,0.3050,107.4600,108.0650,US,"Opening range breakout proxy found in recorded local cache; observe only, no execution.",eligible_for_read_only_observation,needs_read_only_bar_close_review,low,m12.scanner-candidate.v1,long,readonly_observation_candidate,raw:knowledge/raw/brooks/transcribed_v2/al_brooks_price_action_course_v2/units/video_048D_breakout_mode_opening_range.md;raw:knowledge/raw/brooks/transcribed_v2/al_brooks_price_action_course_v2/units/video_008C_candles_ttr_ii_ioi_breakout_mode.md;raw:knowledge/raw/brooks/transcribed_v2/al_brooks_price_action_course_v2/units/video_026A_triangles_ttr_wedges_flags_reversal_or_continuation.md,reports/strategy_lab/m10_price_action_strategy_refresh/backtest_specs/M10-PA-012.json,M12.12.daily_observation_loop,M10-PA-012,开盘区间突破,LQD,15m
2026-05-21T12:25:00,trigger_candidate,ddb8f04ae981d0d54743fe88fa1aff61404f898e0d4f7208a8809904f5b51d5d,native_current_session_5m_cache,local_data/longbridge_intraday/us_LQD_5m_2026-05-21_2026-05-21_longbridge.csv,2026-05-21T23:58:16Z,107.7650,0.3050,107.4600,108.0650,US,"Opening range breakout proxy found in recorded local cache; observe only, no execution.",eligible_for_read_only_observation,needs_read_only_bar_close_review,low,m12.scanner-candidate.v1,long,readonly_observation_candidate,raw:knowledge/raw/brooks/transcribed_v2/al_brooks_price_action_course_v2/units/video_048D_breakout_mode_opening_range.md;raw:knowledge/raw/brooks/transcribed_v2/al_brooks_price_action_course_v2/units/video_008C_candles_ttr_ii_ioi_breakout_mode.md;raw:knowledge/raw/brooks/transcribed_v2/al_brooks_price_action_course_v2/units/video_026A_triangles_ttr_wedges_flags_reversal_or_continuation.md,reports/strategy_lab/m10_price_action_strategy_refresh/backtest_specs/M10-PA-012.json,M12.12.daily_observation_loop,M10-PA-012,开盘区间突破,LQD,5m
2026-05-21T13:25:00,trigger_candidate,7826210a5ec5caf5cc31849365e9e0efedfb1764467c61471b0383a46083cc8c,derived_from_5m_current,local_data/longbridge_intraday/us_EEM_5m_2026-05-21_2026-05-21_longbridge.csv,2026-05-21T23:58:16Z,65.9800,0.9250,65.0550,66.6450,US,"Opening range breakout proxy found in recorded local cache; observe only, no execution.",eligible_for_read_only_observation,needs_read_only_bar_close_review,medium,m12.scanner-candidate.v1,long,readonly_observation_candidate,raw:knowledge/raw/brooks/transcribed_v2/al_brooks_price_action_course_v2/units/video_048D_breakout_mode_opening_range.md;raw:knowledge/raw/brooks/transcribed_v2/al_brooks_price_action_course_v2/units/video_008C_candles_ttr_ii_ioi_breakout_mode.md;raw:knowledge/raw/brooks/transcribed_v2/al_brooks_price_action_course_v2/units/video_026A_triangles_ttr_wedges_flags_reversal_or_continuation.md,reports/strategy_lab/m10_price_action_strategy_refresh/backtest_specs/M10-PA-012.json,M12.12.daily_observation_loop,M10-PA-012,开盘区间突破,EEM,15m
2026-05-21T13:15:00,trigger_candidate,7826210a5ec5caf5cc31849365e9e0efedfb1764467c61471b0383a46083cc8c,native_current_session_5m_cache,local_data/longbridge_intraday/us_EEM_5m_2026-05-21_2026-05-21_longbridge.csv,2026-05-21T23:58:16Z,65.8900,0.8350,65.0550,66.5550,US,"Opening range breakout proxy found in recorded local cache; observe only, no execution.",eligible_for_read_only_observation,needs_read_only_bar_close_review,medium,m12.scanner-candidate.v1,long,readonly_observation_candidate,raw:knowledge/raw/brooks/transcribed_v2/al_brooks_price_action_course_v2/units/video_048D_breakout_mode_opening_range.md;raw:knowledge/raw/brooks/transcribed_v2/al_brooks_price_action_course_v2/units/video_008C_candles_ttr_ii_ioi_breakout_mode.md;raw:knowledge/raw/brooks/transcribed_v2/al_brooks_price_action_course_v2/units/video_026A_triangles_ttr_wedges_flags_reversal_or_continuation.md,reports/strategy_lab/m10_price_action_strategy_refresh/backtest_specs/M10-PA-012.json,M12.12.daily_observation_loop,M10-PA-012,开盘区间突破,EEM,5m
2026-05-21T13:10:00,trigger_candidate,c7171995916361328f79fefe342d36e7418e27f56dcc8428799ab3cc07e6f568,derived_from_5m_current,local_data/longbridge_intraday/us_EFA_5m_2026-05-21_2026-05-21_longbridge.csv,2026-05-21T23:58:16Z,103.6200,1.0200,102.6000,104.4500,US,"Opening range breakout proxy found in recorded local cache; observe only, no execution.",eligible_for_read_only_observation,needs_read_only_bar_close_review,medium,m12.scanner-candidate.v1,long,readonly_observation_candidate,raw:knowledge/raw/brooks/transcribed_v2/al_brooks_price_action_course_v2/units/video_048D_breakout_mode_opening_range.md;raw:knowledge/raw/brooks/transcribed_v2/al_brooks_price_action_course_v2/units/video_008C_candles_ttr_ii_ioi_breakout_mode.md;raw:knowledge/raw/brooks/transcribed_v2/al_brooks_price_action_course_v2/units/video_026A_triangles_ttr_wedges_flags_reversal_or_continuation.md,reports/strategy_lab/m10_price_action_strategy_refresh/backtest_specs/M10-PA-012.json,M12.12.daily_observation_loop,M10-PA-012,开盘区间突破,EFA,15m
2026-05-21T13:10:00,trigger_candidate,c7171995916361328f79fefe342d36e7418e27f56dcc8428799ab3cc07e6f568,native_current_session_5m_cache,local_data/longbridge_intraday/us_EFA_5m_2026-05-21_2026-05-21_longbridge.csv,2026-05-21T23:58:16Z,103.6200,1.0200,102.6000,104.4500,US,"Opening range breakout proxy found in recorded local cache; observe only, no execution.",eligible_for_read_only_observation,needs_read_only_bar_close_review,medium,m12.scanner-candidate.v1,long,readonly_observation_candidate,raw:knowledge/raw/brooks/transcribed_v2/al_brooks_price_action_course_v2/units/video_048D_breakout_mode_opening_range.md;raw:knowledge/raw/brooks/transcribed_v2/al_brooks_price_action_course_v2/units/video_008C_candles_ttr_ii_ioi_breakout_mode.md;raw:knowledge/raw/brooks/transcribed_v2/al_brooks_price_action_course_v2/units/video_026A_triangles_ttr_wedges_flags_reversal_or_continuation.md,reports/strategy_lab/m10_price_action_strategy_refresh/backtest_specs/M10-PA-012.json,M12.12.daily_observation_loop,M10-PA-012,开盘区间突破,EFA,5m
2026-05-21T10:55:00,trigger_candidate,7d5354e3e0e2665f05b5a86efc7d07924486a95c9023a26571d4bf2b585c01a2,derived_from_5m_current,local_data/longbridge_intraday/us_ARKK_5m_2026-05-21_2026-05-21_longbridge.csv,2026-05-21T23:58:16Z,75.6050,0.6950,74.9100,76.2890,US,"Opening range breakout proxy found in recorded local cache; observe only, no execution.",eligible_for_read_only_observation,needs_read_only_bar_close_review,medium,m12.scanner-candidate.v1,long,readonly_observation_candidate,raw:knowledge/raw/brooks/transcribed_v2/al_brooks_price_action_course_v2/units/video_048D_breakout_mode_opening_range.md;raw:knowledge/raw/brooks/transcribed_v2/al_brooks_price_action_course_v2/units/video_008C_candles_ttr_ii_ioi_breakout_mode.md;raw:knowledge/raw/brooks/transcribed_v2/al_brooks_price_action_course_v2/units/video_026A_triangles_ttr_wedges_flags_reversal_or_continuation.md,reports/strategy_lab/m10_price_action_strategy_refresh/backtest_specs/M10-PA-012.json,M12.12.daily_observation_loop,M10-PA-012,开盘区间突破,ARKK,15m
2026-05-21T10:05:00,trigger_candidate,7d5354e3e0e2665f05b5a86efc7d07924486a95c9023a26571d4bf2b585c01a2,native_current_session_5m_cache,local_data/longbridge_intraday/us_ARKK_5m_2026-05-21_2026-05-21_longbridge.csv,2026-05-21T23:58:16Z,75.7100,0.8000,74.9100,76.3940,US,"Opening range breakout proxy found in recorded local cache; observe only, no execution.",eligible_for_read_only_observation,needs_read_only_bar_close_review,medium,m12.scanner-candidate.v1,long,readonly_observation_candidate,raw:knowledge/raw/brooks/transcribed_v2/al_brooks_price_action_course_v2/units/video_048D_breakout_mode_opening_range.md;raw:knowledge/raw/brooks/transcribed_v2/al_brooks_price_action_course_v2/units/video_008C_candles_ttr_ii_ioi_breakout_mode.md;raw:knowledge/raw/brooks/transcribed_v2/al_brooks_price_action_course_v2/units/video_026A_triangles_ttr_wedges_flags_reversal_or_continuation.md,reports/strategy_lab/m10_price_action_strategy_refresh/backtest_specs/M10-PA-012.json,M12.12.daily_observation_loop,M10-PA-012,开盘区间突破,ARKK,5m
2026-05-21T11:40:00,trigger_candidate,c80566fe8f1960fb936c38f6e11f8456d40d6231b020cde6d50a3737cc30e14c,derived_from_5m_current,local_data/longbridge_intraday/us_AAPL_5m_2026-05-21_2026-05-21_longbridge.csv,2026-05-21T23:58:16Z,303.9400,3.5400,300.4000,306.6100,US,"Opening range breakout proxy found in recorded local cache; observe only, no execution.",eligible_for_read_only_observation,needs_read_only_bar_close_review,medium,m12.scanner-candidate.v1,long,readonly_observation_candidate,raw:knowledge/raw/brooks/transcribed_v2/al_brooks_price_action_course_v2/units/video_048D_breakout_mode_opening_range.md;raw:knowledge/raw/brooks/transcribed_v2/al_brooks_price_action_course_v2/units/video_008C_candles_ttr_ii_ioi_breakout_mode.md;raw:knowledge/raw/brooks/transcribed_v2/al_brooks_price_action_course_v2/units/video_026A_triangles_ttr_wedges_flags_reversal_or_continuation.md,reports/strategy_lab/m10_price_action_strategy_refresh/backtest_specs/M10-PA-012.json,M12.12.daily_observation_loop,M10-PA-012,开盘区间突破,AAPL,15m
2026-05-21T11:30:00,trigger_candidate,c80566fe8f1960fb936c38f6e11f8456d40d6231b020cde6d50a3737cc30e14c,native_current_session_5m_cache,local_data/longbridge_intraday/us_AAPL_5m_2026-05-21_2026-05-21_longbridge.csv,2026-05-21T23:58:16Z,303.1700,2.7700,300.4000,305.8400,US,"Opening range breakout proxy found in recorded local cache; observe only, no execution.",eligible_for_read_only_observation,needs_read_only_bar_close_review,medium,m12.scanner-candidate.v1,long,readonly_observation_candidate,raw:knowledge/raw/brooks/transcribed_v2/al_brooks_price_action_course_v2/units/video_048D_breakout_mode_opening_range.md;raw:knowledge/raw/brooks/transcribed_v2/al_brooks_price_action_course_v2/units/video_008C_candles_ttr_ii_ioi_breakout_mode.md;raw:knowledge/raw/brooks/transcribed_v2/al_brooks_price_action_course_v2/units/video_026A_triangles_ttr_wedges_flags_reversal_or_continuation.md,reports/strategy_lab/m10_price_action_strategy_refresh/backtest_specs/M10-PA-012.json,M12.12.daily_observation_loop,M10-PA-012,开盘区间突破,AAPL,5m
2026-05-21T16:00:00-04:00,watch_candidate,f55de5ac9c4cb6406fc128f8441a0170689b657c81f8c24c5a6f4d2c9d761344,native_daily_cache,local_data/longbridge_history/us_MSFT_1d_2010-06-29_2026-05-21_longbridge.csv,2026-05-21T23:58:16Z,426.3400,25.4600,400.8800,477.2600,US,Trend and pullback proxy found; requires bar-by-bar confirmation before any future status change.,eligible_for_read_only_observation,needs_read_only_bar_close_review,high,m12.scanner-candidate.v1,long,readonly_observation_candidate,raw:knowledge/raw/brooks/transcribed_v2/al_brooks_price_action_course_v2/units/video_009A_pullbacks_bar_counting_basics_high_low_1_2.md;raw:knowledge/raw/brooks/transcribed_v2/al_brooks_price_action_course_v2/units/video_009C_pullbacks_endless_higher_lower_timeframes_countertrend_exit.md;raw:knowledge/raw/brooks/transcribed_v2/al_brooks_price_action_course_v2/units/video_014E_trends_tight_channel_small_pullback.md;raw:knowledge/raw/youtube/fangfangtu/transcripts/Price_Action方方土.pdf;raw:knowledge/raw/youtube/fangfangtu/transcripts/Price_Action方方土.pdf;raw:knowledge/raw/notes/方方土视频笔记 - 回调&数K线.pdf;raw:knowledge/raw/notes/方方土视频笔记 - 市场周期.pdf,reports/strategy_lab/m10_price_action_strategy_refresh/backtest_specs/M10-PA-001.json,M12.12.daily_observation_loop,M10-PA-001,趋势回调二次入场,MSFT,1d
2026-05-21T10:10:00,trigger_candidate,36f688f240e7d7f7b4c78bc1c4da924b724cd0d2425dd1028b81c1d7c1dd9fb2,derived_from_5m_current,local_data/longbridge_intraday/us_MSFT_5m_2026-05-21_2026-05-21_longbridge.csv,2026-05-21T23:58:16Z,417.9300,8.4100,426.3400,409.5900,US,"Opening range breakout proxy found in recorded local cache; observe only, no execution.",eligible_for_read_only_observation,needs_read_only_bar_close_review,high,m12.scanner-candidate.v1,short,readonly_observation_candidate,raw:knowledge/raw/brooks/transcribed_v2/al_brooks_price_action_course_v2/units/video_048D_breakout_mode_opening_range.md;raw:knowledge/raw/brooks/transcribed_v2/al_brooks_price_action_course_v2/units/video_008C_candles_ttr_ii_ioi_breakout_mode.md;raw:knowledge/raw/brooks/transcribed_v2/al_brooks_price_action_course_v2/units/video_026A_triangles_ttr_wedges_flags_reversal_or_continuation.md,reports/strategy_lab/m10_price_action_strategy_refresh/backtest_specs/M10-PA-012.json,M12.12.daily_observation_loop,M10-PA-012,开盘区间突破,MSFT,15m
2026-05-21T10:00:00,trigger_candidate,36f688f240e7d7f7b4c78bc1c4da924b724cd0d2425dd1028b81c1d7c1dd9fb2,native_current_session_5m_cache,local_data/longbridge_intraday/us_MSFT_5m_2026-05-21_2026-05-21_longbridge.csv,2026-05-21T23:58:16Z,417.8350,8.5050,426.3400,409.4950,US,"Opening range breakout proxy found in recorded local cache; observe only, no execution.",eligible_for_read_only_observation,needs_read_only_bar_close_review,high,m12.scanner-candidate.v1,short,readonly_observation_candidate,raw:knowledge/raw/brooks/transcribed_v2/al_brooks_price_action_course_v2/units/video_048D_breakout_mode_opening_range.md;raw:knowledge/raw/brooks/transcribed_v2/al_brooks_price_action_course_v2/units/video_008C_candles_ttr_ii_ioi_breakout_mode.md;raw:knowledge/raw/brooks/transcribed_v2/al_brooks_price_action_course_v2/units/video_026A_triangles_ttr_wedges_flags_reversal_or_continuation.md,reports/strategy_lab/m10_price_action_strategy_refresh/backtest_specs/M10-PA-012.json,M12.12.daily_observation_loop,M10-PA-012,开盘区间突破,MSFT,5m
2026-05-21T15:55:00,watch_candidate,15ef977c506f5365e1d77882fd2cf02088c197a0d28e92996e8f90cf45b157ff,native_current_session_5m_cache,local_data/longbridge_intraday/us_NVDA_5m_2026-05-21_2026-05-21_longbridge.csv,2026-05-21T23:58:16Z,219.1100,1.5200,220.6300,216.0700,US,Trend and pullback proxy found; requires bar-by-bar confirmation before any future status change.,eligible_for_read_only_observation,needs_read_only_bar_close_review,medium,m12.scanner-candidate.v1,short,readonly_observation_candidate,raw:knowledge/raw/brooks/transcribed_v2/al_brooks_price_action_course_v2/units/video_009A_pullbacks_bar_counting_basics_high_low_1_2.md;raw:knowledge/raw/brooks/transcribed_v2/al_brooks_price_action_course_v2/units/video_009C_pullbacks_endless_higher_lower_timeframes_countertrend_exit.md;raw:knowledge/raw/brooks/transcribed_v2/al_brooks_price_action_course_v2/units/video_014E_trends_tight_channel_small_pullback.md;raw:knowledge/raw/youtube/fangfangtu/transcripts/Price_Action方方土.pdf;raw:knowledge/raw/youtube/fangfangtu/transcripts/Price_Action方方土.pdf;raw:knowledge/raw/notes/方方土视频笔记 - 回调&数K线.pdf;raw:knowledge/raw/notes/方方土视频笔记 - 市场周期.pdf,reports/strategy_lab/m10_price_action_strategy_refresh/backtest_specs/M10-PA-001.json,M12.12.daily_observation_loop,M10-PA-001,趋势回调二次入场,NVDA,5m
2026-05-21T10:25:00,trigger_candidate,15ef977c506f5365e1d77882fd2cf02088c197a0d28e92996e8f90cf45b157ff,derived_from_5m_current,local_data/longbridge_intraday/us_NVDA_5m_2026-05-21_2026-05-21_longbridge.csv,2026-05-21T23:58:16Z,218.9700,8.4300,227.4000,211.9200,US,"Opening range breakout proxy found in recorded local cache; observe only, no execution.",eligible_for_read_only_observation,needs_read_only_bar_close_review,high,m12.scanner-candidate.v1,short,readonly_observation_candidate,raw:knowledge/raw/brooks/transcribed_v2/al_brooks_price_action_course_v2/units/video_048D_breakout_mode_opening_range.md;raw:knowledge/raw/brooks/transcribed_v2/al_brooks_price_action_course_v2/units/video_008C_candles_ttr_ii_ioi_breakout_mode.md;raw:knowledge/raw/brooks/transcribed_v2/al_brooks_price_action_course_v2/units/video_026A_triangles_ttr_wedges_flags_reversal_or_continuation.md,reports/strategy_lab/m10_price_action_strategy_refresh/backtest_specs/M10-PA-012.json,M12.12.daily_observation_loop,M10-PA-012,开盘区间突破,NVDA,15m
2026-05-21T10:15:00,trigger_candidate,15ef977c506f5365e1d77882fd2cf02088c197a0d28e92996e8f90cf45b157ff,native_current_session_5m_cache,local_data/longbridge_intraday/us_NVDA_5m_2026-05-21_2026-05-21_longbridge.csv,2026-05-21T23:58:16Z,219.3150,8.0850,227.4000,212.2650,US,"Opening range breakout proxy found in recorded local cache; observe only, no execution.",eligible_for_read_only_observation,needs_read_only_bar_close_review,high,m12.scanner-candidate.v1,short,readonly_observation_candidate,raw:knowledge/raw/brooks/transcribed_v2/al_brooks_price_action_course_v2/units/video_048D_breakout_mode_opening_range.md;raw:knowledge/raw/brooks/transcribed_v2/al_brooks_price_action_course_v2/units/video_008C_candles_ttr_ii_ioi_breakout_mode.md;raw:knowledge/raw/brooks/transcribed_v2/al_brooks_price_action_course_v2/units/video_026A_triangles_ttr_wedges_flags_reversal_or_continuation.md,reports/strategy_lab/m10_price_action_strategy_refresh/backtest_specs/M10-PA-012.json,M12.12.daily_observation_loop,M10-PA-012,开盘区间突破,NVDA,5m
2026-05-21T16:00:00-04:00,trigger_candidate,c5525c3dfcd379815bac03cb95c930520993653d062e5d2be9774b58502638dd,native_daily_cache,local_data/longbridge_history/us_NVDA_1d_2010-06-29_2026-05-21_longbridge.csv,2026-05-21T23:58:16Z,227.40,7.05,220.35,241.50,US,日线市场周期和信号K确认同时出现；只做模拟观察。,eligible_for_read_only_observation,needs_read_only_bar_close_review,medium,m12.daily-candidate.v1,long,readonly_observation_candidate,wiki:knowledge/wiki/sources/fangfangtu-market-cycle-note.md;raw:knowledge/raw/notes/方方土视频笔记 - 市场周期.pdf;wiki:knowledge/wiki/sources/fangfangtu-signal-bar-entry-note.md;raw:knowledge/raw/notes/方方土视频笔记 - 信号K线 & 入场.pdf,reports/strategy_lab/m10_price_action_strategy_refresh/daily_observation/m12_12_loop/m12_12_formal_daily_strategy_spec.json,M12.12.daily_observation_loop,M12-FTD-001,方方土日线趋势顺势信号K,NVDA,1d
2026-05-21T11:10:00,trigger_candidate,eb26817487bd3b37704a6339fb7790774af3659bdecd6bc93b6edec275152e59,derived_from_5m_current,local_data/longbridge_intraday/us_AMZN_5m_2026-05-21_2026-05-21_longbridge.csv,2026-05-21T23:58:16Z,264.8000,3.4300,261.3700,267.9500,US,"Opening range breakout proxy found in recorded local cache; observe only, no execution.",eligible_for_read_only_observation,needs_read_only_bar_close_review,medium,m12.scanner-candidate.v1,long,readonly_observation_candidate,raw:knowledge/raw/brooks/transcribed_v2/al_brooks_price_action_course_v2/units/video_048D_breakout_mode_opening_range.md;raw:knowledge/raw/brooks/transcribed_v2/al_brooks_price_action_course_v2/units/video_008C_candles_ttr_ii_ioi_breakout_mode.md;raw:knowledge/raw/brooks/transcribed_v2/al_brooks_price_action_course_v2/units/video_026A_triangles_ttr_wedges_flags_reversal_or_continuation.md,reports/strategy_lab/m10_price_action_strategy_refresh/backtest_specs/M10-PA-012.json,M12.12.daily_observation_loop,M10-PA-012,开盘区间突破,AMZN,15m
2026-05-21T11:10:00,trigger_candidate,eb26817487bd3b37704a6339fb7790774af3659bdecd6bc93b6edec275152e59,native_current_session_5m_cache,local_data/longbridge_intraday/us_AMZN_5m_2026-05-21_2026-05-21_longbridge.csv,2026-05-21T23:58:16Z,264.8000,3.4300,261.3700,267.9500,US,"Opening range breakout proxy found in recorded local cache; observe only, no execution.",eligible_for_read_only_observation,needs_read_only_bar_close_review,medium,m12.scanner-candidate.v1,long,readonly_observation_candidate,raw:knowledge/raw/brooks/transcribed_v2/al_brooks_price_action_course_v2/units/video_048D_breakout_mode_opening_range.md;raw:knowledge/raw/brooks/transcribed_v2/al_brooks_price_action_course_v2/units/video_008C_candles_ttr_ii_ioi_breakout_mode.md;raw:knowledge/raw/brooks/transcribed_v2/al_brooks_price_action_course_v2/units/video_026A_triangles_ttr_wedges_flags_reversal_or_continuation.md,reports/strategy_lab/m10_price_action_strategy_refresh/backtest_specs/M10-PA-012.json,M12.12.daily_observation_loop,M10-PA-012,开盘区间突破,AMZN,5m
2026-05-21T15:55:00,watch_candidate,7eac50aa60b4ce65ed0342b32ac17ac31963c90900466cabf49b6914a19e22e3,native_current_session_5m_cache,local_data/longbridge_intraday/us_GOOGL_5m_2026-05-21_2026-05-21_longbridge.csv,2026-05-21T23:58:16Z,386.0800,3.1700,389.2500,379.7400,US,Trend and pullback proxy found; requires bar-by-bar confirmation before any future status change.,eligible_for_read_only_observation,needs_read_only_bar_close_review,medium,m12.scanner-candidate.v1,short,readonly_observation_candidate,raw:knowledge/raw/brooks/transcribed_v2/al_brooks_price_action_course_v2/units/video_009A_pullbacks_bar_counting_basics_high_low_1_2.md;raw:knowledge/raw/brooks/transcribed_v2/al_brooks_price_action_course_v2/units/video_009C_pullbacks_endless_higher_lower_timeframes_countertrend_exit.md;raw:knowledge/raw/brooks/transcribed_v2/al_brooks_price_action_course_v2/units/video_014E_trends_tight_channel_small_pullback.md;raw:knowledge/raw/youtube/fangfangtu/transcripts/Price_Action方方土.pdf;raw:knowledge/raw/youtube/fangfangtu/transcripts/Price_Action方方土.pdf;raw:knowledge/raw/notes/方方土视频笔记 - 回调&数K线.pdf;raw:knowledge/raw/notes/方方土视频笔记 - 市场周期.pdf,reports/strategy_lab/m10_price_action_strategy_refresh/backtest_specs/M10-PA-001.json,M12.12.daily_observation_loop,M10-PA-001,趋势回调二次入场,GOOGL,5m
2026-05-21T10:40:00,trigger_candidate,7eac50aa60b4ce65ed0342b32ac17ac31963c90900466cabf49b6914a19e22e3,derived_from_5m_current,local_data/longbridge_intraday/us_GOOGL_5m_2026-05-21_2026-05-21_longbridge.csv,2026-05-21T23:58:16Z,387.7050,4.1650,383.5400,391.0150,US,"Opening range breakout proxy found in recorded local cache; observe only, no execution.",eligible_for_read_only_observation,needs_read_only_bar_close_review,medium,m12.scanner-candidate.v1,long,readonly_observation_candidate,raw:knowledge/raw/brooks/transcribed_v2/al_brooks_price_action_course_v2/units/video_048D_breakout_mode_opening_range.md;raw:knowledge/raw/brooks/transcribed_v2/al_brooks_price_action_course_v2/units/video_008C_candles_ttr_ii_ioi_breakout_mode.md;raw:knowledge/raw/brooks/transcribed_v2/al_brooks_price_action_course_v2/units/video_026A_triangles_ttr_wedges_flags_reversal_or_continuation.md,reports/strategy_lab/m10_price_action_strategy_refresh/backtest_specs/M10-PA-012.json,M12.12.daily_observation_loop,M10-PA-012,开盘区间突破,GOOGL,15m
2026-05-21T10:30:00,trigger_candidate,7eac50aa60b4ce65ed0342b32ac17ac31963c90900466cabf49b6914a19e22e3,native_current_session_5m_cache,local_data/longbridge_intraday/us_GOOGL_5m_2026-05-21_2026-05-21_longbridge.csv,2026-05-21T23:58:16Z,387.7700,4.2300,383.5400,391.0800,US,"Opening range breakout proxy found in recorded local cache; observe only, no execution.",eligible_for_read_only_observation,needs_read_only_bar_close_review,medium,m12.scanner-candidate.v1,long,readonly_observation_candidate,raw:knowledge/raw/brooks/transcribed_v2/al_brooks_price_action_course_v2/units/video_048D_breakout_mode_opening_range.md;raw:knowledge/raw/brooks/transcribed_v2/al_brooks_price_action_course_v2/units/video_008C_candles_ttr_ii_ioi_breakout_mode.md;raw:knowledge/raw/brooks/transcribed_v2/al_brooks_price_action_course_v2/units/video_026A_triangles_ttr_wedges_flags_reversal_or_continuation.md,reports/strategy_lab/m10_price_action_strategy_refresh/backtest_specs/M10-PA-012.json,M12.12.daily_observation_loop,M10-PA-012,开盘区间突破,GOOGL,5m
2026-05-21T15:55:00,watch_candidate,0b58bef4edf635c5c580d821c7ebc6c3c5aeaf60828f3642c8fcaa779856d6d9,native_current_session_5m_cache,local_data/longbridge_intraday/us_GOOG_5m_2026-05-21_2026-05-21_longbridge.csv,2026-05-21T23:58:16Z,382.0900,3.3150,385.4050,375.4600,US,Trend and pullback proxy found; requires bar-by-bar confirmation before any future status change.,eligible_for_read_only_observation,needs_read_only_bar_close_review,medium,m12.scanner-candidate.v1,short,readonly_observation_candidate,raw:knowledge/raw/brooks/transcribed_v2/al_brooks_price_action_course_v2/units/video_009A_pullbacks_bar_counting_basics_high_low_1_2.md;raw:knowledge/raw/brooks/transcribed_v2/al_brooks_price_action_course_v2/units/video_009C_pullbacks_endless_higher_lower_timeframes_countertrend_exit.md;raw:knowledge/raw/brooks/transcribed_v2/al_brooks_price_action_course_v2/units/video_014E_trends_tight_channel_small_pullback.md;raw:knowledge/raw/youtube/fangfangtu/transcripts/Price_Action方方土.pdf;raw:knowledge/raw/youtube/fangfangtu/transcripts/Price_Action方方土.pdf;raw:knowledge/raw/notes/方方土视频笔记 - 回调&数K线.pdf;raw:knowledge/raw/notes/方方土视频笔记 - 市场周期.pdf,reports/strategy_lab/m10_price_action_strategy_refresh/backtest_specs/M10-PA-001.json,M12.12.daily_observation_loop,M10-PA-001,趋势回调二次入场,GOOG,5m
2026-05-21T10:40:00,trigger_candidate,0b58bef4edf635c5c580d821c7ebc6c3c5aeaf60828f3642c8fcaa779856d6d9,derived_from_5m_current,local_data/longbridge_intraday/us_GOOG_5m_2026-05-21_2026-05-21_longbridge.csv,2026-05-21T23:58:16Z,384.1400,4.6600,379.4800,387.7800,US,"Opening range breakout proxy found in recorded local cache; observe only, no execution.",eligible_for_read_only_observation,needs_read_only_bar_close_review,medium,m12.scanner-candidate.v1,long,readonly_observation_candidate,raw:knowledge/raw/brooks/transcribed_v2/al_brooks_price_action_course_v2/units/video_048D_breakout_mode_opening_range.md;raw:knowledge/raw/brooks/transcribed_v2/al_brooks_price_action_course_v2/units/video_008C_candles_ttr_ii_ioi_breakout_mode.md;raw:knowledge/raw/brooks/transcribed_v2/al_brooks_price_action_course_v2/units/video_026A_triangles_ttr_wedges_flags_reversal_or_continuation.md,reports/strategy_lab/m10_price_action_strategy_refresh/backtest_specs/M10-PA-012.json,M12.12.daily_observation_loop,M10-PA-012,开盘区间突破,GOOG,15m
2026-05-21T10:30:00,trigger_candidate,0b58bef4edf635c5c580d821c7ebc6c3c5aeaf60828f3642c8fcaa779856d6d9,native_current_session_5m_cache,local_data/longbridge_intraday/us_GOOG_5m_2026-05-21_2026-05-21_longbridge.csv,2026-05-21T23:58:16Z,384.1800,4.7000,379.4800,387.8200,US,"Opening range breakout proxy found in recorded local cache; observe only, no execution.",eligible_for_read_only_observation,needs_read_only_bar_close_review,medium,m12.scanner-candidate.v1,long,readonly_observation_candidate,raw:knowledge/raw/brooks/transcribed_v2/al_brooks_price_action_course_v2/units/video_048D_breakout_mode_opening_range.md;raw:knowledge/raw/brooks/transcribed_v2/al_brooks_price_action_course_v2/units/video_008C_candles_ttr_ii_ioi_breakout_mode.md;raw:knowledge/raw/brooks/transcribed_v2/al_brooks_price_action_course_v2/units/video_026A_triangles_ttr_wedges_flags_reversal_or_continuation.md,reports/strategy_lab/m10_price_action_strategy_refresh/backtest_specs/M10-PA-012.json,M12.12.daily_observation_loop,M10-PA-012,开盘区间突破,GOOG,5m
2026-05-21T11:25:00,trigger_candidate,646b0e2736b2f2cf8d51528d8d1fa57321eff93dc39d07b566d19dc1d6d7649a,derived_from_5m_current,local_data/longbridge_intraday/us_META_5m_2026-05-21_2026-05-21_longbridge.csv,2026-05-21T23:58:16Z,602.0400,6.8200,595.2200,608.7900,US,"Opening range breakout proxy found in recorded local cache; observe only, no execution.",eligible_for_read_only_observation,needs_read_only_bar_close_review,medium,m12.scanner-candidate.v1,long,readonly_observation_candidate,raw:knowledge/raw/brooks/transcribed_v2/al_brooks_price_action_course_v2/units/video_048D_breakout_mode_opening_range.md;raw:knowledge/raw/brooks/transcribed_v2/al_brooks_price_action_course_v2/units/video_008C_candles_ttr_ii_ioi_breakout_mode.md;raw:knowledge/raw/brooks/transcribed_v2/al_brooks_price_action_course_v2/units/video_026A_triangles_ttr_wedges_flags_reversal_or_continuation.md,reports/strategy_lab/m10_price_action_strategy_refresh/backtest_specs/M10-PA-012.json,M12.12.daily_observation_loop,M10-PA-012,开盘区间突破,META,15m
2026-05-21T11:25:00,trigger_candidate,646b0e2736b2f2cf8d51528d8d1fa57321eff93dc39d07b566d19dc1d6d7649a,native_current_session_5m_cache,local_data/longbridge_intraday/us_META_5m_2026-05-21_2026-05-21_longbridge.csv,2026-05-21T23:58:16Z,602.0400,6.8200,595.2200,608.7900,US,"Opening range breakout proxy found in recorded local cache; observe only, no execution.",eligible_for_read_only_observation,needs_read_only_bar_close_review,medium,m12.scanner-candidate.v1,long,readonly_observation_candidate,raw:knowledge/raw/brooks/transcribed_v2/al_brooks_price_action_course_v2/units/video_048D_breakout_mode_opening_range.md;raw:knowledge/raw/brooks/transcribed_v2/al_brooks_price_action_course_v2/units/video_008C_candles_ttr_ii_ioi_breakout_mode.md;raw:knowledge/raw/brooks/transcribed_v2/al_brooks_price_action_course_v2/units/video_026A_triangles_ttr_wedges_flags_reversal_or_continuation.md,reports/strategy_lab/m10_price_action_strategy_refresh/backtest_specs/M10-PA-012.json,M12.12.daily_observation_loop,M10-PA-012,开盘区间突破,META,5m
2026-05-21T16:00:00-04:00,watch_candidate,676038910cb3e58abf36fa02936454c97a703eb9559c75729a72cde3036f0481,native_daily_cache,local_data/longbridge_history/us_TSLA_1d_2010-06-29_2026-05-21_longbridge.csv,2026-05-21T23:58:16Z,426.4400,32.8100,393.6300,492.0600,US,Trend and pullback proxy found; requires bar-by-bar confirmation before any future status change.,eligible_for_read_only_observation,needs_read_only_bar_close_review,high,m12.scanner-candidate.v1,long,readonly_observation_candidate,raw:knowledge/raw/brooks/transcribed_v2/al_brooks_price_action_course_v2/units/video_009A_pullbacks_bar_counting_basics_high_low_1_2.md;raw:knowledge/raw/brooks/transcribed_v2/al_brooks_price_action_course_v2/units/video_009C_pullbacks_endless_higher_lower_timeframes_countertrend_exit.md;raw:knowledge/raw/brooks/transcribed_v2/al_brooks_price_action_course_v2/units/video_014E_trends_tight_channel_small_pullback.md;raw:knowledge/raw/youtube/fangfangtu/transcripts/Price_Action方方土.pdf;raw:knowledge/raw/youtube/fangfangtu/transcripts/Price_Action方方土.pdf;raw:knowledge/raw/notes/方方土视频笔记 - 回调&数K线.pdf;raw:knowledge/raw/notes/方方土视频笔记 - 市场周期.pdf,reports/strategy_lab/m10_price_action_strategy_refresh/backtest_specs/M10-PA-001.json,M12.12.daily_observation_loop,M10-PA-001,趋势回调二次入场,TSLA,1d
2026-05-21T15:55:00,watch_candidate,8a90e8a57e8db1a71e7615afa035df8e1748ccca8a8b93b05eac3e97e8786c32,native_current_session_5m_cache,local_data/longbridge_intraday/us_TSLA_5m_2026-05-21_2026-05-21_longbridge.csv,2026-05-21T23:58:16Z,417.5520,2.4480,420.0000,412.6560,US,Trend and pullback proxy found; requires bar-by-bar confirmation before any future status change.,eligible_for_read_only_observation,needs_read_only_bar_close_review,medium,m12.scanner-candidate.v1,short,readonly_observation_candidate,raw:knowledge/raw/brooks/transcribed_v2/al_brooks_price_action_course_v2/units/video_009A_pullbacks_bar_counting_basics_high_low_1_2.md;raw:knowledge/raw/brooks/transcribed_v2/al_brooks_price_action_course_v2/units/video_009C_pullbacks_endless_higher_lower_timeframes_countertrend_exit.md;raw:knowledge/raw/brooks/transcribed_v2/al_brooks_price_action_course_v2/units/video_014E_trends_tight_channel_small_pullback.md;raw:knowledge/raw/youtube/fangfangtu/transcripts/Price_Action方方土.pdf;raw:knowledge/raw/youtube/fangfangtu/transcripts/Price_Action方方土.pdf;raw:knowledge/raw/notes/方方土视频笔记 - 回调&数K线.pdf;raw:knowledge/raw/notes/方方土视频笔记 - 市场周期.pdf,reports/strategy_lab/m10_price_action_strategy_refresh/backtest_specs/M10-PA-001.json,M12.12.daily_observation_loop,M10-PA-001,趋势回调二次入场,TSLA,5m
2026-05-21T10:25:00,trigger_candidate,8a90e8a57e8db1a71e7615afa035df8e1748ccca8a8b93b05eac3e97e8786c32,derived_from_5m_current,local_data/longbridge_intraday/us_TSLA_5m_2026-05-21_2026-05-21_longbridge.csv,2026-05-21T23:58:16Z,414.3300,12.6200,426.9500,404.8900,US,"Opening range breakout proxy found in recorded local cache; observe only, no execution.",eligible_for_read_only_observation,needs_read_only_bar_close_review,high,m12.scanner-candidate.v1,short,readonly_observation_candidate,raw:knowledge/raw/brooks/transcribed_v2/al_brooks_price_action_course_v2/units/video_048D_breakout_mode_opening_range.md;raw:knowledge/raw/brooks/transcribed_v2/al_brooks_price_action_course_v2/units/video_008C_candles_ttr_ii_ioi_breakout_mode.md;raw:knowledge/raw/brooks/transcribed_v2/al_brooks_price_action_course_v2/units/video_026A_triangles_ttr_wedges_flags_reversal_or_continuation.md,reports/strategy_lab/m10_price_action_strategy_refresh/backtest_specs/M10-PA-012.json,M12.12.daily_observation_loop,M10-PA-012,开盘区间突破,TSLA,15m
2026-05-21T10:00:00,trigger_candidate,8a90e8a57e8db1a71e7615afa035df8e1748ccca8a8b93b05eac3e97e8786c32,native_current_session_5m_cache,local_data/longbridge_intraday/us_TSLA_5m_2026-05-21_2026-05-21_longbridge.csv,2026-05-21T23:58:16Z,417.1800,9.7700,426.9500,407.7400,US,"Opening range breakout proxy found in recorded local cache; observe only, no execution.",eligible_for_read_only_observation,needs_read_only_bar_close_review,high,m12.scanner-candidate.v1,short,readonly_observation_candidate,raw:knowledge/raw/brooks/transcribed_v2/al_brooks_price_action_course_v2/units/video_048D_breakout_mode_opening_range.md;raw:knowledge/raw/brooks/transcribed_v2/al_brooks_price_action_course_v2/units/video_008C_candles_ttr_ii_ioi_breakout_mode.md;raw:knowledge/raw/brooks/transcribed_v2/al_brooks_price_action_course_v2/units/video_026A_triangles_ttr_wedges_flags_reversal_or_continuation.md,reports/strategy_lab/m10_price_action_strategy_refresh/backtest_specs/M10-PA-012.json,M12.12.daily_observation_loop,M10-PA-012,开盘区间突破,TSLA,5m
2026-05-21T16:00:00-04:00,trigger_candidate,676038910cb3e58abf36fa02936454c97a703eb9559c75729a72cde3036f0481,native_daily_cache,local_data/longbridge_history/us_TSLA_1d_2010-06-29_2026-05-21_longbridge.csv,2026-05-21T23:58:16Z,426.44,5.84,420.60,438.12,US,日线市场周期和信号K确认同时出现；只做模拟观察。,eligible_for_read_only_observation,needs_read_only_bar_close_review,medium,m12.daily-candidate.v1,long,readonly_observation_candidate,wiki:knowledge/wiki/sources/fangfangtu-market-cycle-note.md;raw:knowledge/raw/notes/方方土视频笔记 - 市场周期.pdf;wiki:knowledge/wiki/sources/fangfangtu-signal-bar-entry-note.md;raw:knowledge/raw/notes/方方土视频笔记 - 信号K线 & 入场.pdf,reports/strategy_lab/m10_price_action_strategy_refresh/daily_observation/m12_12_loop/m12_12_formal_daily_strategy_spec.json,M12.12.daily_observation_loop,M12-FTD-001,方方土日线趋势顺势信号K,TSLA,1d
2026-05-21T11:10:00,trigger_candidate,5a7b7a208fbd3aa718dbe08bf1cacfdd9164824be4375a719846e42a92d83571,derived_from_5m_current,local_data/longbridge_intraday/us_AVGO_5m_2026-05-21_2026-05-21_longbridge.csv,2026-05-21T23:58:16Z,412.9400,8.6000,421.5400,404.5000,US,"Opening range breakout proxy found in recorded local cache; observe only, no execution.",eligible_for_read_only_observation,needs_read_only_bar_close_review,high,m12.scanner-candidate.v1,short,readonly_observation_candidate,raw:knowledge/raw/brooks/transcribed_v2/al_brooks_price_action_course_v2/units/video_048D_breakout_mode_opening_range.md;raw:knowledge/raw/brooks/transcribed_v2/al_brooks_price_action_course_v2/units/video_008C_candles_ttr_ii_ioi_breakout_mode.md;raw:knowledge/raw/brooks/transcribed_v2/al_brooks_price_action_course_v2/units/video_026A_triangles_ttr_wedges_flags_reversal_or_continuation.md,reports/strategy_lab/m10_price_action_strategy_refresh/backtest_specs/M10-PA-012.json,M12.12.daily_observation_loop,M10-PA-012,开盘区间突破,AVGO,15m
2026-05-21T10:00:00,trigger_candidate,5a7b7a208fbd3aa718dbe08bf1cacfdd9164824be4375a719846e42a92d83571,native_current_session_5m_cache,local_data/longbridge_intraday/us_AVGO_5m_2026-05-21_2026-05-21_longbridge.csv,2026-05-21T23:58:16Z,421.7900,8.6900,413.1000,430.2300,US,"Opening range breakout proxy found in recorded local cache; observe only, no execution.",eligible_for_read_only_observation,needs_read_only_bar_close_review,high,m12.scanner-candidate.v1,long,readonly_observation_candidate,raw:knowledge/raw/brooks/transcribed_v2/al_brooks_price_action_course_v2/units/video_048D_breakout_mode_opening_range.md;raw:knowledge/raw/brooks/transcribed_v2/al_brooks_price_action_course_v2/units/video_008C_candles_ttr_ii_ioi_breakout_mode.md;raw:knowledge/raw/brooks/transcribed_v2/al_brooks_price_action_course_v2/units/video_026A_triangles_ttr_wedges_flags_reversal_or_continuation.md,reports/strategy_lab/m10_price_action_strategy_refresh/backtest_specs/M10-PA-012.json,M12.12.daily_observation_loop,M10-PA-012,开盘区间突破,AVGO,5m
2026-05-21T10:10:00,trigger_candidate,7d00a0a1c9af11e5e596a926fdc4ba0efaa8a6fe2a9b5beda93d71bafa1cbc76,derived_from_5m_current,local_data/longbridge_intraday/us_AMD_5m_2026-05-21_2026-05-21_longbridge.csv,2026-05-21T23:58:16Z,437.6800,10.3200,448.0000,429.5820,US,"Opening range breakout proxy found in recorded local cache; observe only, no execution.",eligible_for_read_only_observation,needs_read_only_bar_close_review,high,m12.scanner-candidate.v1,short,readonly_observation_candidate,raw:knowledge/raw/brooks/transcribed_v2/al_brooks_price_action_course_v2/units/video_048D_breakout_mode_opening_range.md;raw:knowledge/raw/brooks/transcribed_v2/al_brooks_price_action_course_v2/units/video_008C_candles_ttr_ii_ioi_breakout_mode.md;raw:knowledge/raw/brooks/transcribed_v2/al_brooks_price_action_course_v2/units/video_026A_triangles_ttr_wedges_flags_reversal_or_continuation.md,reports/strategy_lab/m10_price_action_strategy_refresh/backtest_specs/M10-PA-012.json,M12.12.daily_observation_loop,M10-PA-012,开盘区间突破,AMD,15m
2026-05-21T10:10:00,trigger_candidate,7d00a0a1c9af11e5e596a926fdc4ba0efaa8a6fe2a9b5beda93d71bafa1cbc76,native_current_session_5m_cache,local_data/longbridge_intraday/us_AMD_5m_2026-05-21_2026-05-21_longbridge.csv,2026-05-21T23:58:16Z,437.6800,10.3200,448.0000,429.5820,US,"Opening range breakout proxy found in recorded local cache; observe only, no execution.",eligible_for_read_only_observation,needs_read_only_bar_close_review,high,m12.scanner-candidate.v1,short,readonly_observation_candidate,raw:knowledge/raw/brooks/transcribed_v2/al_brooks_price_action_course_v2/units/video_048D_breakout_mode_opening_range.md;raw:knowledge/raw/brooks/transcribed_v2/al_brooks_price_action_course_v2/units/video_008C_candles_ttr_ii_ioi_breakout_mode.md;raw:knowledge/raw/brooks/transcribed_v2/al_brooks_price_action_course_v2/units/video_026A_triangles_ttr_wedges_flags_reversal_or_continuation.md,reports/strategy_lab/m10_price_action_strategy_refresh/backtest_specs/M10-PA-012.json,M12.12.daily_observation_loop,M10-PA-012,开盘区间突破,AMD,5m
2026-05-21T13:40:00,trigger_candidate,e1f02d27704517935b38119c7b6db3c3d0e65c265ac6a5a21bb104fac577c5ce,derived_from_5m_current,local_data/longbridge_intraday/us_INTC_5m_2026-05-21_2026-05-21_longbridge.csv,2026-05-21T23:58:16Z,118.8250,5.1650,113.6600,123.6050,US,"Opening range breakout proxy found in recorded local cache; observe only, no execution.",eligible_for_read_only_observation,needs_read_only_bar_close_review,high,m12.scanner-candidate.v1,long,readonly_observation_candidate,raw:knowledge/raw/brooks/transcribed_v2/al_brooks_price_action_course_v2/units/video_048D_breakout_mode_opening_range.md;raw:knowledge/raw/brooks/transcribed_v2/al_brooks_price_action_course_v2/units/video_008C_candles_ttr_ii_ioi_breakout_mode.md;raw:knowledge/raw/brooks/transcribed_v2/al_brooks_price_action_course_v2/units/video_026A_triangles_ttr_wedges_flags_reversal_or_continuation.md,reports/strategy_lab/m10_price_action_strategy_refresh/backtest_specs/M10-PA-012.json,M12.12.daily_observation_loop,M10-PA-012,开盘区间突破,INTC,15m
2026-05-21T13:30:00,trigger_candidate,e1f02d27704517935b38119c7b6db3c3d0e65c265ac6a5a21bb104fac577c5ce,native_current_session_5m_cache,local_data/longbridge_intraday/us_INTC_5m_2026-05-21_2026-05-21_longbridge.csv,2026-05-21T23:58:16Z,118.5600,4.9000,113.6600,123.3400,US,"Opening range breakout proxy found in recorded local cache; observe only, no execution.",eligible_for_read_only_observation,needs_read_only_bar_close_review,high,m12.scanner-candidate.v1,long,readonly_observation_candidate,raw:knowledge/raw/brooks/transcribed_v2/al_brooks_price_action_course_v2/units/video_048D_breakout_mode_opening_range.md;raw:knowledge/raw/brooks/transcribed_v2/al_brooks_price_action_course_v2/units/video_008C_candles_ttr_ii_ioi_breakout_mode.md;raw:knowledge/raw/brooks/transcribed_v2/al_brooks_price_action_course_v2/units/video_026A_triangles_ttr_wedges_flags_reversal_or_continuation.md,reports/strategy_lab/m10_price_action_strategy_refresh/backtest_specs/M10-PA-012.json,M12.12.daily_observation_loop,M10-PA-012,开盘区间突破,INTC,5m
2026-05-21T16:00:00-04:00,trigger_candidate,4694caa2987eb6df04452a4004da0e03b9847dc3b4d7b23af9062eadad32cf50,native_daily_cache,local_data/longbridge_history/us_MU_1d_2010-06-29_2026-05-21_longbridge.csv,2026-05-21T23:58:16Z,747.69,15.46,732.23,778.61,US,日线市场周期和信号K确认同时出现；只做模拟观察。,eligible_for_read_only_observation,needs_read_only_bar_close_review,medium,m12.daily-candidate.v1,long,readonly_observation_candidate,wiki:knowledge/wiki/sources/fangfangtu-market-cycle-note.md;raw:knowledge/raw/notes/方方土视频笔记 - 市场周期.pdf;wiki:knowledge/wiki/sources/fangfangtu-signal-bar-entry-note.md;raw:knowledge/raw/notes/方方土视频笔记 - 信号K线 & 入场.pdf,reports/strategy_lab/m10_price_action_strategy_refresh/daily_observation/m12_12_loop/m12_12_formal_daily_strategy_spec.json,M12.12.daily_observation_loop,M12-FTD-001,方方土日线趋势顺势信号K,MU,1d
2026-05-21T15:55:00,watch_candidate,42f1aa3f231d7f5685eed55f36092cc7399b470a54f9b15d42a7fea5cc23500c,native_current_session_5m_cache,local_data/longbridge_intraday/us_QCOM_5m_2026-05-21_2026-05-21_longbridge.csv,2026-05-21T23:58:16Z,213.8900,3.4300,210.4600,220.7500,US,Trend and pullback proxy found; requires bar-by-bar confirmation before any future status change.,eligible_for_read_only_observation,needs_read_only_bar_close_review,high,m12.scanner-candidate.v1,long,readonly_observation_candidate,raw:knowledge/raw/brooks/transcribed_v2/al_brooks_price_action_course_v2/units/video_009A_pullbacks_bar_counting_basics_high_low_1_2.md;raw:knowledge/raw/brooks/transcribed_v2/al_brooks_price_action_course_v2/units/video_009C_pullbacks_endless_higher_lower_timeframes_countertrend_exit.md;raw:knowledge/raw/brooks/transcribed_v2/al_brooks_price_action_course_v2/units/video_014E_trends_tight_channel_small_pullback.md;raw:knowledge/raw/youtube/fangfangtu/transcripts/Price_Action方方土.pdf;raw:knowledge/raw/youtube/fangfangtu/transcripts/Price_Action方方土.pdf;raw:knowledge/raw/notes/方方土视频笔记 - 回调&数K线.pdf;raw:knowledge/raw/notes/方方土视频笔记 - 市场周期.pdf,reports/strategy_lab/m10_price_action_strategy_refresh/backtest_specs/M10-PA-001.json,M12.12.daily_observation_loop,M10-PA-001,趋势回调二次入场,QCOM,5m
2026-05-21T15:55:00,trigger_candidate,42f1aa3f231d7f5685eed55f36092cc7399b470a54f9b15d42a7fea5cc23500c,native_current_session_5m_cache,local_data/longbridge_intraday/us_QCOM_5m_2026-05-21_2026-05-21_longbridge.csv,2026-05-21T23:58:16Z,213.7850,0.6850,213.1000,215.1550,US,20-bar breakout proxy matched; follow-through still needs bar-close observation.,eligible_for_read_only_observation,needs_read_only_bar_close_review,low,m12.scanner-candidate.v1,long,readonly_observation_candidate,raw:knowledge/raw/brooks/transcribed_v2/al_brooks_price_action_course_v2/units/video_015D_breakouts_second_leg_traps_strong_breakouts.md;raw:knowledge/raw/brooks/transcribed_v2/al_brooks_price_action_course_v2/units/video_015A_breakouts_definition_80_rule_reversal_tr.md;raw:knowledge/raw/brooks/transcribed_v2/al_brooks_price_action_course_v2/units/video_015B_breakouts_follow_through_reversal_small_start.md;raw:knowledge/raw/youtube/fangfangtu/transcripts/Price_Action方方土.pdf;raw:knowledge/raw/youtube/fangfangtu/transcripts/Price_Action方方土.pdf;raw:knowledge/raw/notes/方方土视频笔记-突破.pdf;raw:knowledge/raw/notes/方方土视频笔记-突破.pdf,reports/strategy_lab/m10_price_action_strategy_refresh/backtest_specs/M10-PA-002.json,M12.12.daily_observation_loop,M10-PA-002,突破后续跟进,QCOM,5m
2026-05-21T10:10:00,trigger_candidate,42f1aa3f231d7f5685eed55f36092cc7399b470a54f9b15d42a7fea5cc23500c,derived_from_5m_current,local_data/longbridge_intraday/us_QCOM_5m_2026-05-21_2026-05-21_longbridge.csv,2026-05-21T23:58:16Z,208.6500,8.6500,200.0000,216.8800,US,"Opening range breakout proxy found in recorded local cache; observe only, no execution.",eligible_for_read_only_observation,needs_read_only_bar_close_review,high,m12.scanner-candidate.v1,long,readonly_observation_candidate,raw:knowledge/raw/brooks/transcribed_v2/al_brooks_price_action_course_v2/units/video_048D_breakout_mode_opening_range.md;raw:knowledge/raw/brooks/transcribed_v2/al_brooks_price_action_course_v2/units/video_008C_candles_ttr_ii_ioi_breakout_mode.md;raw:knowledge/raw/brooks/transcribed_v2/al_brooks_price_action_course_v2/units/video_026A_triangles_ttr_wedges_flags_reversal_or_continuation.md,reports/strategy_lab/m10_price_action_strategy_refresh/backtest_specs/M10-PA-012.json,M12.12.daily_observation_loop,M10-PA-012,开盘区间突破,QCOM,15m
2026-05-21T10:00:00,trigger_candidate,42f1aa3f231d7f5685eed55f36092cc7399b470a54f9b15d42a7fea5cc23500c,native_current_session_5m_cache,local_data/longbridge_intraday/us_QCOM_5m_2026-05-21_2026-05-21_longbridge.csv,2026-05-21T23:58:16Z,209.8400,9.8400,200.0000,218.0700,US,"Opening range breakout proxy found in recorded local cache; observe only, no execution.",eligible_for_read_only_observation,needs_read_only_bar_close_review,high,m12.scanner-candidate.v1,long,readonly_observation_candidate,raw:knowledge/raw/brooks/transcribed_v2/al_brooks_price_action_course_v2/units/video_048D_breakout_mode_opening_range.md;raw:knowledge/raw/brooks/transcribed_v2/al_brooks_price_action_course_v2/units/video_008C_candles_ttr_ii_ioi_breakout_mode.md;raw:knowledge/raw/brooks/transcribed_v2/al_brooks_price_action_course_v2/units/video_026A_triangles_ttr_wedges_flags_reversal_or_continuation.md,reports/strategy_lab/m10_price_action_strategy_refresh/backtest_specs/M10-PA-012.json,M12.12.daily_observation_loop,M10-PA-012,开盘区间突破,QCOM,5m
2026-05-21T16:00:00-04:00,watch_candidate,10595a5d6b0e41aa08fdabf0c065d00af3185d0c37190ddb0b3a5929f47e6c49,native_daily_cache,local_data/longbridge_history/us_ORCL_1d_2010-06-29_2026-05-21_longbridge.csv,2026-05-21T23:58:16Z,191.8500,13.0500,178.8000,217.9500,US,Trend and pullback proxy found; requires bar-by-bar confirmation before any future status change.,eligible_for_read_only_observation,needs_read_only_bar_close_review,high,m12.scanner-candidate.v1,long,readonly_observation_candidate,raw:knowledge/raw/brooks/transcribed_v2/al_brooks_price_action_course_v2/units/video_009A_pullbacks_bar_counting_basics_high_low_1_2.md;raw:knowledge/raw/brooks/transcribed_v2/al_brooks_price_action_course_v2/units/video_009C_pullbacks_endless_higher_lower_timeframes_countertrend_exit.md;raw:knowledge/raw/brooks/transcribed_v2/al_brooks_price_action_course_v2/units/video_014E_trends_tight_channel_small_pullback.md;raw:knowledge/raw/youtube/fangfangtu/transcripts/Price_Action方方土.pdf;raw:knowledge/raw/youtube/fangfangtu/transcripts/Price_Action方方土.pdf;raw:knowledge/raw/notes/方方土视频笔记 - 回调&数K线.pdf;raw:knowledge/raw/notes/方方土视频笔记 - 市场周期.pdf,reports/strategy_lab/m10_price_action_strategy_refresh/backtest_specs/M10-PA-001.json,M12.12.daily_observation_loop,M10-PA-001,趋势回调二次入场,ORCL,1d
2026-05-21T10:15:00,trigger_candidate,3ec50c0baebdf4078e9afe1e59f824be6f13a12505a44c7fffe0b3fcd72a4072,native_current_session_5m_cache,local_data/longbridge_intraday/us_ORCL_5m_2026-05-21_2026-05-21_longbridge.csv,2026-05-21T23:58:16Z,187.3200,4.6700,191.9900,183.3300,US,"Opening range breakout proxy found in recorded local cache; observe only, no execution.",eligible_for_read_only_observation,needs_read_only_bar_close_review,high,m12.scanner-candidate.v1,short,readonly_observation_candidate,raw:knowledge/raw/brooks/transcribed_v2/al_brooks_price_action_course_v2/units/video_048D_breakout_mode_opening_range.md;raw:knowledge/raw/brooks/transcribed_v2/al_brooks_price_action_course_v2/units/video_008C_candles_ttr_ii_ioi_breakout_mode.md;raw:knowledge/raw/brooks/transcribed_v2/al_brooks_price_action_course_v2/units/video_026A_triangles_ttr_wedges_flags_reversal_or_continuation.md,reports/strategy_lab/m10_price_action_strategy_refresh/backtest_specs/M10-PA-012.json,M12.12.daily_observation_loop,M10-PA-012,开盘区间突破,ORCL,5m
2026-05-21T16:00:00-04:00,trigger_candidate,10595a5d6b0e41aa08fdabf0c065d00af3185d0c37190ddb0b3a5929f47e6c49,native_daily_cache,local_data/longbridge_history/us_ORCL_1d_2010-06-29_2026-05-21_longbridge.csv,2026-05-21T23:58:16Z,191.85,3.85,188.00,199.55,US,日线市场周期和信号K确认同时出现；只做模拟观察。,eligible_for_read_only_observation,needs_read_only_bar_close_review,medium,m12.daily-candidate.v1,long,readonly_observation_candidate,wiki:knowledge/wiki/sources/fangfangtu-market-cycle-note.md;raw:knowledge/raw/notes/方方土视频笔记 - 市场周期.pdf;wiki:knowledge/wiki/sources/fangfangtu-signal-bar-entry-note.md;raw:knowledge/raw/notes/方方土视频笔记 - 信号K线 & 入场.pdf,reports/strategy_lab/m10_price_action_strategy_refresh/daily_observation/m12_12_loop/m12_12_formal_daily_strategy_spec.json,M12.12.daily_observation_loop,M12-FTD-001,方方土日线趋势顺势信号K,ORCL,1d
2026-05-21T16:00:00-04:00,watch_candidate,facafa3d4bbc130c34ea9e7486f57961124778e08a5f73b7136fc078f6ec7ce5,native_daily_cache,local_data/longbridge_history/us_CRM_1d_2010-06-29_2026-05-21_longbridge.csv,2026-05-21T23:58:16Z,171.9900,15.4500,187.4400,141.0900,US,Trend and pullback proxy found; requires bar-by-bar confirmation before any future status change.,eligible_for_read_only_observation,needs_read_only_bar_close_review,high,m12.scanner-candidate.v1,short,readonly_observation_candidate,raw:knowledge/raw/brooks/transcribed_v2/al_brooks_price_action_course_v2/units/video_009A_pullbacks_bar_counting_basics_high_low_1_2.md;raw:knowledge/raw/brooks/transcribed_v2/al_brooks_price_action_course_v2/units/video_009C_pullbacks_endless_higher_lower_timeframes_countertrend_exit.md;raw:knowledge/raw/brooks/transcribed_v2/al_brooks_price_action_course_v2/units/video_014E_trends_tight_channel_small_pullback.md;raw:knowledge/raw/youtube/fangfangtu/transcripts/Price_Action方方土.pdf;raw:knowledge/raw/youtube/fangfangtu/transcripts/Price_Action方方土.pdf;raw:knowledge/raw/notes/方方土视频笔记 - 回调&数K线.pdf;raw:knowledge/raw/notes/方方土视频笔记 - 市场周期.pdf,reports/strategy_lab/m10_price_action_strategy_refresh/backtest_specs/M10-PA-001.json,M12.12.daily_observation_loop,M10-PA-001,趋势回调二次入场,CRM,1d
2026-05-21T10:25:00,trigger_candidate,de097792d4eab55fd4caf27753ab8ba6b16ebf2d61952ea505a06faf835d7eca,derived_from_5m_current,local_data/longbridge_intraday/us_CRM_5m_2026-05-21_2026-05-21_longbridge.csv,2026-05-21T23:58:16Z,176.2000,4.2100,171.9900,179.7800,US,"Opening range breakout proxy found in recorded local cache; observe only, no execution.",eligible_for_read_only_observation,needs_read_only_bar_close_review,high,m12.scanner-candidate.v1,long,readonly_observation_candidate,raw:knowledge/raw/brooks/transcribed_v2/al_brooks_price_action_course_v2/units/video_048D_breakout_mode_opening_range.md;raw:knowledge/raw/brooks/transcribed_v2/al_brooks_price_action_course_v2/units/video_008C_candles_ttr_ii_ioi_breakout_mode.md;raw:knowledge/raw/brooks/transcribed_v2/al_brooks_price_action_course_v2/units/video_026A_triangles_ttr_wedges_flags_reversal_or_continuation.md,reports/strategy_lab/m10_price_action_strategy_refresh/backtest_specs/M10-PA-012.json,M12.12.daily_observation_loop,M10-PA-012,开盘区间突破,CRM,15m
2026-05-21T10:25:00,trigger_candidate,de097792d4eab55fd4caf27753ab8ba6b16ebf2d61952ea505a06faf835d7eca,native_current_session_5m_cache,local_data/longbridge_intraday/us_CRM_5m_2026-05-21_2026-05-21_longbridge.csv,2026-05-21T23:58:16Z,176.2000,4.2100,171.9900,179.7800,US,"Opening range breakout proxy found in recorded local cache; observe only, no execution.",eligible_for_read_only_observation,needs_read_only_bar_close_review,high,m12.scanner-candidate.v1,long,readonly_observation_candidate,raw:knowledge/raw/brooks/transcribed_v2/al_brooks_price_action_course_v2/units/video_048D_breakout_mode_opening_range.md;raw:knowledge/raw/brooks/transcribed_v2/al_brooks_price_action_course_v2/units/video_008C_candles_ttr_ii_ioi_breakout_mode.md;raw:knowledge/raw/brooks/transcribed_v2/al_brooks_price_action_course_v2/units/video_026A_triangles_ttr_wedges_flags_reversal_or_continuation.md,reports/strategy_lab/m10_price_action_strategy_refresh/backtest_specs/M10-PA-012.json,M12.12.daily_observation_loop,M10-PA-012,开盘区间突破,CRM,5m
2026-05-21T16:00:00-04:00,trigger_candidate,6cd98b325687074a897da79930f0fb7d1a78a8c175a04658276bdebd76132fdb,native_daily_cache,local_data/longbridge_history/us_ADBE_1d_2010-06-29_2026-05-21_longbridge.csv,2026-05-21T23:58:16Z,243.38,4.57,247.95,234.24,US,日线市场周期和信号K确认同时出现；只做模拟观察。,eligible_for_read_only_observation,needs_read_only_bar_close_review,medium,m12.daily-candidate.v1,short,readonly_observation_candidate,wiki:knowledge/wiki/sources/fangfangtu-market-cycle-note.md;raw:knowledge/raw/notes/方方土视频笔记 - 市场周期.pdf;wiki:knowledge/wiki/sources/fangfangtu-signal-bar-entry-note.md;raw:knowledge/raw/notes/方方土视频笔记 - 信号K线 & 入场.pdf,reports/strategy_lab/m10_price_action_strategy_refresh/daily_observation/m12_12_loop/m12_12_formal_daily_strategy_spec.json,M12.12.daily_observation_loop,M12-FTD-001,方方土日线趋势顺势信号K,ADBE,1d
2026-05-21T10:55:00,trigger_candidate,1cd5e1764e038d5c5c996667499121d356e66a5906243d8e4f3d719cfe14bd9e,derived_from_5m_current,local_data/longbridge_intraday/us_NOW_5m_2026-05-21_2026-05-21_longbridge.csv,2026-05-21T23:58:16Z,101.1900,3.0800,98.1100,103.8820,US,"Opening range breakout proxy found in recorded local cache; observe only, no execution.",eligible_for_read_only_observation,needs_read_only_bar_close_review,high,m12.scanner-candidate.v1,long,readonly_observation_candidate,raw:knowledge/raw/brooks/transcribed_v2/al_brooks_price_action_course_v2/units/video_048D_breakout_mode_opening_range.md;raw:knowledge/raw/brooks/transcribed_v2/al_brooks_price_action_course_v2/units/video_008C_candles_ttr_ii_ioi_breakout_mode.md;raw:knowledge/raw/brooks/transcribed_v2/al_brooks_price_action_course_v2/units/video_026A_triangles_ttr_wedges_flags_reversal_or_continuation.md,reports/strategy_lab/m10_price_action_strategy_refresh/backtest_specs/M10-PA-012.json,M12.12.daily_observation_loop,M10-PA-012,开盘区间突破,NOW,15m
2026-05-21T10:45:00,trigger_candidate,1cd5e1764e038d5c5c996667499121d356e66a5906243d8e4f3d719cfe14bd9e,native_current_session_5m_cache,local_data/longbridge_intraday/us_NOW_5m_2026-05-21_2026-05-21_longbridge.csv,2026-05-21T23:58:16Z,100.9500,2.8400,98.1100,103.6420,US,"Opening range breakout proxy found in recorded local cache; observe only, no execution.",eligible_for_read_only_observation,needs_read_only_bar_close_review,high,m12.scanner-candidate.v1,long,readonly_observation_candidate,raw:knowledge/raw/brooks/transcribed_v2/al_brooks_price_action_course_v2/units/video_048D_breakout_mode_opening_range.md;raw:knowledge/raw/brooks/transcribed_v2/al_brooks_price_action_course_v2/units/video_008C_candles_ttr_ii_ioi_breakout_mode.md;raw:knowledge/raw/brooks/transcribed_v2/al_brooks_price_action_course_v2/units/video_026A_triangles_ttr_wedges_flags_reversal_or_continuation.md,reports/strategy_lab/m10_price_action_strategy_refresh/backtest_specs/M10-PA-012.json,M12.12.daily_observation_loop,M10-PA-012,开盘区间突破,NOW,5m
2026-05-21T16:00:00-04:00,watch_candidate,f8c7fd84ed070b2f3e46b42f2020b122cc6b217b1c267713cc60222e66e9ec6b,native_daily_cache,local_data/longbridge_history/us_SNOW_1d_2010-06-29_2026-05-21_longbridge.csv,2026-05-21T23:58:16Z,161.9500,15.0300,176.9800,131.8900,US,Trend and pullback proxy found; requires bar-by-bar confirmation before any future status change.,eligible_for_read_only_observation,needs_read_only_bar_close_review,high,m12.scanner-candidate.v1,short,readonly_observation_candidate,raw:knowledge/raw/brooks/transcribed_v2/al_brooks_price_action_course_v2/units/video_009A_pullbacks_bar_counting_basics_high_low_1_2.md;raw:knowledge/raw/brooks/transcribed_v2/al_brooks_price_action_course_v2/units/video_009C_pullbacks_endless_higher_lower_timeframes_countertrend_exit.md;raw:knowledge/raw/brooks/transcribed_v2/al_brooks_price_action_course_v2/units/video_014E_trends_tight_channel_small_pullback.md;raw:knowledge/raw/youtube/fangfangtu/transcripts/Price_Action方方土.pdf;raw:knowledge/raw/youtube/fangfangtu/transcripts/Price_Action方方土.pdf;raw:knowledge/raw/notes/方方土视频笔记 - 回调&数K线.pdf;raw:knowledge/raw/notes/方方土视频笔记 - 市场周期.pdf,reports/strategy_lab/m10_price_action_strategy_refresh/backtest_specs/M10-PA-001.json,M12.12.daily_observation_loop,M10-PA-001,趋势回调二次入场,SNOW,1d
2026-05-21T15:55:00,watch_candidate,2eb1e2a99a525b91f4cb704f65cb0a3dcc2145b89e9ad9bb4ba2ca628c92a232,native_current_session_5m_cache,local_data/longbridge_intraday/us_SNOW_5m_2026-05-21_2026-05-21_longbridge.csv,2026-05-21T23:58:16Z,165.6900,1.9600,163.7300,169.6100,US,Trend and pullback proxy found; requires bar-by-bar confirmation before any future status change.,eligible_for_read_only_observation,needs_read_only_bar_close_review,medium,m12.scanner-candidate.v1,long,readonly_observation_candidate,raw:knowledge/raw/brooks/transcribed_v2/al_brooks_price_action_course_v2/units/video_009A_pullbacks_bar_counting_basics_high_low_1_2.md;raw:knowledge/raw/brooks/transcribed_v2/al_brooks_price_action_course_v2/units/video_009C_pullbacks_endless_higher_lower_timeframes_countertrend_exit.md;raw:knowledge/raw/brooks/transcribed_v2/al_brooks_price_action_course_v2/units/video_014E_trends_tight_channel_small_pullback.md;raw:knowledge/raw/youtube/fangfangtu/transcripts/Price_Action方方土.pdf;raw:knowledge/raw/youtube/fangfangtu/transcripts/Price_Action方方土.pdf;raw:knowledge/raw/notes/方方土视频笔记 - 回调&数K线.pdf;raw:knowledge/raw/notes/方方土视频笔记 - 市场周期.pdf,reports/strategy_lab/m10_price_action_strategy_refresh/backtest_specs/M10-PA-001.json,M12.12.daily_observation_loop,M10-PA-001,趋势回调二次入场,SNOW,5m
2026-05-21T15:55:00,trigger_candidate,2eb1e2a99a525b91f4cb704f65cb0a3dcc2145b89e9ad9bb4ba2ca628c92a232,native_current_session_5m_cache,local_data/longbridge_intraday/us_SNOW_5m_2026-05-21_2026-05-21_longbridge.csv,2026-05-21T23:58:16Z,165.4900,0.4300,165.0600,166.3500,US,20-bar breakout proxy matched; follow-through still needs bar-close observation.,eligible_for_read_only_observation,needs_read_only_bar_close_review,low,m12.scanner-candidate.v1,long,readonly_observation_candidate,raw:knowledge/raw/brooks/transcribed_v2/al_brooks_price_action_course_v2/units/video_015D_breakouts_second_leg_traps_strong_breakouts.md;raw:knowledge/raw/brooks/transcribed_v2/al_brooks_price_action_course_v2/units/video_015A_breakouts_definition_80_rule_reversal_tr.md;raw:knowledge/raw/brooks/transcribed_v2/al_brooks_price_action_course_v2/units/video_015B_breakouts_follow_through_reversal_small_start.md;raw:knowledge/raw/youtube/fangfangtu/transcripts/Price_Action方方土.pdf;raw:knowledge/raw/youtube/fangfangtu/transcripts/Price_Action方方土.pdf;raw:knowledge/raw/notes/方方土视频笔记-突破.pdf;raw:knowledge/raw/notes/方方土视频笔记-突破.pdf,reports/strategy_lab/m10_price_action_strategy_refresh/backtest_specs/M10-PA-002.json,M12.12.daily_observation_loop,M10-PA-002,突破后续跟进,SNOW,5m
2026-05-21T10:10:00,trigger_candidate,2eb1e2a99a525b91f4cb704f65cb0a3dcc2145b89e9ad9bb4ba2ca628c92a232,derived_from_5m_current,local_data/longbridge_intraday/us_SNOW_5m_2026-05-21_2026-05-21_longbridge.csv,2026-05-21T23:58:16Z,164.2300,2.7500,161.4800,166.9100,US,"Opening range breakout proxy found in recorded local cache; observe only, no execution.",eligible_for_read_only_observation,needs_read_only_bar_close_review,high,m12.scanner-candidate.v1,long,readonly_observation_candidate,raw:knowledge/raw/brooks/transcribed_v2/al_brooks_price_action_course_v2/units/video_048D_breakout_mode_opening_range.md;raw:knowledge/raw/brooks/transcribed_v2/al_brooks_price_action_course_v2/units/video_008C_candles_ttr_ii_ioi_breakout_mode.md;raw:knowledge/raw/brooks/transcribed_v2/al_brooks_price_action_course_v2/units/video_026A_triangles_ttr_wedges_flags_reversal_or_continuation.md,reports/strategy_lab/m10_price_action_strategy_refresh/backtest_specs/M10-PA-012.json,M12.12.daily_observation_loop,M10-PA-012,开盘区间突破,SNOW,15m
2026-05-21T10:10:00,trigger_candidate,2eb1e2a99a525b91f4cb704f65cb0a3dcc2145b89e9ad9bb4ba2ca628c92a232,native_current_session_5m_cache,local_data/longbridge_intraday/us_SNOW_5m_2026-05-21_2026-05-21_longbridge.csv,2026-05-21T23:58:16Z,164.2300,2.7500,161.4800,166.9100,US,"Opening range breakout proxy found in recorded local cache; observe only, no execution.",eligible_for_read_only_observation,needs_read_only_bar_close_review,high,m12.scanner-candidate.v1,long,readonly_observation_candidate,raw:knowledge/raw/brooks/transcribed_v2/al_brooks_price_action_course_v2/units/video_048D_breakout_mode_opening_range.md;raw:knowledge/raw/brooks/transcribed_v2/al_brooks_price_action_course_v2/units/video_008C_candles_ttr_ii_ioi_breakout_mode.md;raw:knowledge/raw/brooks/transcribed_v2/al_brooks_price_action_course_v2/units/video_026A_triangles_ttr_wedges_flags_reversal_or_continuation.md,reports/strategy_lab/m10_price_action_strategy_refresh/backtest_specs/M10-PA-012.json,M12.12.daily_observation_loop,M10-PA-012,开盘区间突破,SNOW,5m
2026-05-21T10:55:00,trigger_candidate,335e1f8b940e108fca656a247164766c269d64aeceac8063c0786cab9ed45aa1,derived_from_5m_current,local_data/longbridge_intraday/us_PLTR_5m_2026-05-21_2026-05-21_longbridge.csv,2026-05-21T23:58:16Z,138.3300,2.8990,135.4310,141.0690,US,"Opening range breakout proxy found in recorded local cache; observe only, no execution.",eligible_for_read_only_observation,needs_read_only_bar_close_review,high,m12.scanner-candidate.v1,long,readonly_observation_candidate,raw:knowledge/raw/brooks/transcribed_v2/al_brooks_price_action_course_v2/units/video_048D_breakout_mode_opening_range.md;raw:knowledge/raw/brooks/transcribed_v2/al_brooks_price_action_course_v2/units/video_008C_candles_ttr_ii_ioi_breakout_mode.md;raw:knowledge/raw/brooks/transcribed_v2/al_brooks_price_action_course_v2/units/video_026A_triangles_ttr_wedges_flags_reversal_or_continuation.md,reports/strategy_lab/m10_price_action_strategy_refresh/backtest_specs/M10-PA-012.json,M12.12.daily_observation_loop,M10-PA-012,开盘区间突破,PLTR,15m
2026-05-21T10:45:00,trigger_candidate,335e1f8b940e108fca656a247164766c269d64aeceac8063c0786cab9ed45aa1,native_current_session_5m_cache,local_data/longbridge_intraday/us_PLTR_5m_2026-05-21_2026-05-21_longbridge.csv,2026-05-21T23:58:16Z,138.2600,2.8290,135.4310,140.9990,US,"Opening range breakout proxy found in recorded local cache; observe only, no execution.",eligible_for_read_only_observation,needs_read_only_bar_close_review,high,m12.scanner-candidate.v1,long,readonly_observation_candidate,raw:knowledge/raw/brooks/transcribed_v2/al_brooks_price_action_course_v2/units/video_048D_breakout_mode_opening_range.md;raw:knowledge/raw/brooks/transcribed_v2/al_brooks_price_action_course_v2/units/video_008C_candles_ttr_ii_ioi_breakout_mode.md;raw:knowledge/raw/brooks/transcribed_v2/al_brooks_price_action_course_v2/units/video_026A_triangles_ttr_wedges_flags_reversal_or_continuation.md,reports/strategy_lab/m10_price_action_strategy_refresh/backtest_specs/M10-PA-012.json,M12.12.daily_observation_loop,M10-PA-012,开盘区间突破,PLTR,5m
2026-05-21T16:00:00-04:00,trigger_candidate,6cd1e4f3e75442893a8b86752f93cf05bcc20031eec11288ae628e53b981219d,native_daily_cache,local_data/longbridge_history/us_PLTR_1d_2010-06-29_2026-05-21_longbridge.csv,2026-05-21T23:58:16Z,138.17,2.74,135.43,143.65,US,日线市场周期和信号K确认同时出现；只做模拟观察。,eligible_for_read_only_observation,needs_read_only_bar_close_review,medium,m12.daily-candidate.v1,long,readonly_observation_candidate,wiki:knowledge/wiki/sources/fangfangtu-market-cycle-note.md;raw:knowledge/raw/notes/方方土视频笔记 - 市场周期.pdf;wiki:knowledge/wiki/sources/fangfangtu-signal-bar-entry-note.md;raw:knowledge/raw/notes/方方土视频笔记 - 信号K线 & 入场.pdf,reports/strategy_lab/m10_price_action_strategy_refresh/daily_observation/m12_12_loop/m12_12_formal_daily_strategy_spec.json,M12.12.daily_observation_loop,M12-FTD-001,方方土日线趋势顺势信号K,PLTR,1d
2026-05-21T15:55:00,watch_candidate,996d639390bc49727bf28705dddc0c46e2f0873bc4abb8fd66d4d9606c97fbe5,native_current_session_5m_cache,local_data/longbridge_intraday/us_PANW_5m_2026-05-21_2026-05-21_longbridge.csv,2026-05-21T23:58:16Z,252.8000,1.8900,250.9100,256.5800,US,Trend and pullback proxy found; requires bar-by-bar confirmation before any future status change.,eligible_for_read_only_observation,needs_read_only_bar_close_review,medium,m12.scanner-candidate.v1,long,readonly_observation_candidate,raw:knowledge/raw/brooks/transcribed_v2/al_brooks_price_action_course_v2/units/video_009A_pullbacks_bar_counting_basics_high_low_1_2.md;raw:knowledge/raw/brooks/transcribed_v2/al_brooks_price_action_course_v2/units/video_009C_pullbacks_endless_higher_lower_timeframes_countertrend_exit.md;raw:knowledge/raw/brooks/transcribed_v2/al_brooks_price_action_course_v2/units/video_014E_trends_tight_channel_small_pullback.md;raw:knowledge/raw/youtube/fangfangtu/transcripts/Price_Action方方土.pdf;raw:knowledge/raw/youtube/fangfangtu/transcripts/Price_Action方方土.pdf;raw:knowledge/raw/notes/方方土视频笔记 - 回调&数K线.pdf;raw:knowledge/raw/notes/方方土视频笔记 - 市场周期.pdf,reports/strategy_lab/m10_price_action_strategy_refresh/backtest_specs/M10-PA-001.json,M12.12.daily_observation_loop,M10-PA-001,趋势回调二次入场,PANW,5m
2026-05-21T16:00:00-04:00,trigger_candidate,004fda18cc3cbc19e1182c1e15e1007756d32314709071b43f5f772ded5eaf93,native_daily_cache,local_data/longbridge_history/us_PANW_1d_2010-06-29_2026-05-21_longbridge.csv,2026-05-21T23:58:16Z,250.6050,9.5450,241.0600,269.6950,US,20-bar breakout proxy matched; follow-through still needs bar-close observation.,eligible_for_read_only_observation,needs_read_only_bar_close_review,high,m12.scanner-candidate.v1,long,readonly_observation_candidate,raw:knowledge/raw/brooks/transcribed_v2/al_brooks_price_action_course_v2/units/video_015D_breakouts_second_leg_traps_strong_breakouts.md;raw:knowledge/raw/brooks/transcribed_v2/al_brooks_price_action_course_v2/units/video_015A_breakouts_definition_80_rule_reversal_tr.md;raw:knowledge/raw/brooks/transcribed_v2/al_brooks_price_action_course_v2/units/video_015B_breakouts_follow_through_reversal_small_start.md;raw:knowledge/raw/youtube/fangfangtu/transcripts/Price_Action方方土.pdf;raw:knowledge/raw/youtube/fangfangtu/transcripts/Price_Action方方土.pdf;raw:knowledge/raw/notes/方方土视频笔记-突破.pdf;raw:knowledge/raw/notes/方方土视频笔记-突破.pdf,reports/strategy_lab/m10_price_action_strategy_refresh/backtest_specs/M10-PA-002.json,M12.12.daily_observation_loop,M10-PA-002,突破后续跟进,PANW,1d
2026-05-21T15:55:00,trigger_candidate,996d639390bc49727bf28705dddc0c46e2f0873bc4abb8fd66d4d9606c97fbe5,derived_from_5m_current,local_data/longbridge_intraday/us_PANW_5m_2026-05-21_2026-05-21_longbridge.csv,2026-05-21T23:58:16Z,252.7700,1.5400,251.2300,255.8500,US,20-bar breakout proxy matched; follow-through still needs bar-close observation.,eligible_for_read_only_observation,needs_read_only_bar_close_review,medium,m12.scanner-candidate.v1,long,readonly_observation_candidate,raw:knowledge/raw/brooks/transcribed_v2/al_brooks_price_action_course_v2/units/video_015D_breakouts_second_leg_traps_strong_breakouts.md;raw:knowledge/raw/brooks/transcribed_v2/al_brooks_price_action_course_v2/units/video_015A_breakouts_definition_80_rule_reversal_tr.md;raw:knowledge/raw/brooks/transcribed_v2/al_brooks_price_action_course_v2/units/video_015B_breakouts_follow_through_reversal_small_start.md;raw:knowledge/raw/youtube/fangfangtu/transcripts/Price_Action方方土.pdf;raw:knowledge/raw/youtube/fangfangtu/transcripts/Price_Action方方土.pdf;raw:knowledge/raw/notes/方方土视频笔记-突破.pdf;raw:knowledge/raw/notes/方方土视频笔记-突破.pdf,reports/strategy_lab/m10_price_action_strategy_refresh/backtest_specs/M10-PA-002.json,M12.12.daily_observation_loop,M10-PA-002,突破后续跟进,PANW,15m
2026-05-21T15:55:00,trigger_candidate,996d639390bc49727bf28705dddc0c46e2f0873bc4abb8fd66d4d9606c97fbe5,native_current_session_5m_cache,local_data/longbridge_intraday/us_PANW_5m_2026-05-21_2026-05-21_longbridge.csv,2026-05-21T23:58:16Z,252.7700,0.6600,252.1100,254.0900,US,20-bar breakout proxy matched; follow-through still needs bar-close observation.,eligible_for_read_only_observation,needs_read_only_bar_close_review,low,m12.scanner-candidate.v1,long,readonly_observation_candidate,raw:knowledge/raw/brooks/transcribed_v2/al_brooks_price_action_course_v2/units/video_015D_breakouts_second_leg_traps_strong_breakouts.md;raw:knowledge/raw/brooks/transcribed_v2/al_brooks_price_action_course_v2/units/video_015A_breakouts_definition_80_rule_reversal_tr.md;raw:knowledge/raw/brooks/transcribed_v2/al_brooks_price_action_course_v2/units/video_015B_breakouts_follow_through_reversal_small_start.md;raw:knowledge/raw/youtube/fangfangtu/transcripts/Price_Action方方土.pdf;raw:knowledge/raw/youtube/fangfangtu/transcripts/Price_Action方方土.pdf;raw:knowledge/raw/notes/方方土视频笔记-突破.pdf;raw:knowledge/raw/notes/方方土视频笔记-突破.pdf,reports/strategy_lab/m10_price_action_strategy_refresh/backtest_specs/M10-PA-002.json,M12.12.daily_observation_loop,M10-PA-002,突破后续跟进,PANW,5m
2026-05-21T11:55:00,trigger_candidate,996d639390bc49727bf28705dddc0c46e2f0873bc4abb8fd66d4d9606c97fbe5,derived_from_5m_current,local_data/longbridge_intraday/us_PANW_5m_2026-05-21_2026-05-21_longbridge.csv,2026-05-21T23:58:16Z,251.5800,10.5200,241.0600,262.0200,US,"Opening range breakout proxy found in recorded local cache; observe only, no execution.",eligible_for_read_only_observation,needs_read_only_bar_close_review,high,m12.scanner-candidate.v1,long,readonly_observation_candidate,raw:knowledge/raw/brooks/transcribed_v2/al_brooks_price_action_course_v2/units/video_048D_breakout_mode_opening_range.md;raw:knowledge/raw/brooks/transcribed_v2/al_brooks_price_action_course_v2/units/video_008C_candles_ttr_ii_ioi_breakout_mode.md;raw:knowledge/raw/brooks/transcribed_v2/al_brooks_price_action_course_v2/units/video_026A_triangles_ttr_wedges_flags_reversal_or_continuation.md,reports/strategy_lab/m10_price_action_strategy_refresh/backtest_specs/M10-PA-012.json,M12.12.daily_observation_loop,M10-PA-012,开盘区间突破,PANW,15m
2026-05-21T10:05:00,trigger_candidate,996d639390bc49727bf28705dddc0c46e2f0873bc4abb8fd66d4d9606c97fbe5,native_current_session_5m_cache,local_data/longbridge_intraday/us_PANW_5m_2026-05-21_2026-05-21_longbridge.csv,2026-05-21T23:58:16Z,251.8000,10.7400,241.0600,262.2400,US,"Opening range breakout proxy found in recorded local cache; observe only, no execution.",eligible_for_read_only_observation,needs_read_only_bar_close_review,high,m12.scanner-candidate.v1,long,readonly_observation_candidate,raw:knowledge/raw/brooks/transcribed_v2/al_brooks_price_action_course_v2/units/video_048D_breakout_mode_opening_range.md;raw:knowledge/raw/brooks/transcribed_v2/al_brooks_price_action_course_v2/units/video_008C_candles_ttr_ii_ioi_breakout_mode.md;raw:knowledge/raw/brooks/transcribed_v2/al_brooks_price_action_course_v2/units/video_026A_triangles_ttr_wedges_flags_reversal_or_continuation.md,reports/strategy_lab/m10_price_action_strategy_refresh/backtest_specs/M10-PA-012.json,M12.12.daily_observation_loop,M10-PA-012,开盘区间突破,PANW,5m
2026-05-21T16:00:00-04:00,trigger_candidate,004fda18cc3cbc19e1182c1e15e1007756d32314709071b43f5f772ded5eaf93,native_daily_cache,local_data/longbridge_history/us_PANW_1d_2010-06-29_2026-05-21_longbridge.csv,2026-05-21T23:58:16Z,251.40,10.34,241.06,272.08,US,日线市场周期和信号K确认同时出现；只做模拟观察。,eligible_for_read_only_observation,needs_read_only_bar_close_review,medium,m12.daily-candidate.v1,long,readonly_observation_candidate,wiki:knowledge/wiki/sources/fangfangtu-market-cycle-note.md;raw:knowledge/raw/notes/方方土视频笔记 - 市场周期.pdf;wiki:knowledge/wiki/sources/fangfangtu-signal-bar-entry-note.md;raw:knowledge/raw/notes/方方土视频笔记 - 信号K线 & 入场.pdf,reports/strategy_lab/m10_price_action_strategy_refresh/daily_observation/m12_12_loop/m12_12_formal_daily_strategy_spec.json,M12.12.daily_observation_loop,M12-FTD-001,方方土日线趋势顺势信号K,PANW,1d
